Tank,ImageID,Stick,Species,Position,FragID,Genotype,Reef,UniqueCoralID,Temp,T0,T1,T2,T3,T4,T5
AC1,_1111836,1,A. hyacinthus,1,AhyaMartin17,Martin17,Martin,AC1_1_1,Ambient,1,1,1,1,1,1
AC1,_1111836,1,A. hyacinthus,2,AhyaPalms5,Palms5,Palms,AC1_1_2,Ambient,1,1,1,1,1,1
AC1,_1111836,1,A. hyacinthus,3,AhyaArlington8,Arlington8,Arlington,AC1_1_3,Ambient,1,1,1,1,1,1
AC1,_1111836,1,A. hyacinthus,4,AhyaMartin11,Martin11,Martin,AC1_1_4,Ambient,1,1,1,1,1,1
AC1,_1111836,1,A. hyacinthus,5,AhyaArlington9,Arlington9,Arlington,AC1_1_5,Ambient,1,1,1,1,1,1
AC1,_1111836,1,A. hyacinthus,6,AhyaArlington1,Arlington1,Arlington,AC1_1_6,Ambient,1,1,1,1,1,1
AC1,_1111836,1,A. hyacinthus,7,AhyaWood17,Wood17,Wood,AC1_1_7,Ambient,1,1,1,1,1,1
AC1,_1111836,1,A. hyacinthus,8,NA,NA,NA,AC1_1_8,Ambient,NA,NA,NA,NA,NA,NA
AC1,_1111836,1,A. hyacinthus,9,AhyaPalms3,Palms3,Palms,AC1_1_9,Ambient,1,1,1,1,1,1
AC1,_1111836,1,A. hyacinthus,10,AhyaArlington6,Arlington6,Arlington,AC1_1_10,Ambient,1,1,1,1,1,1
AC1,_1111836,1,A. hyacinthus,11,AhyaDavies18,Davies18,Davies,AC1_1_11,Ambient,1,1,1,1,1,1
AC1,_1111838,2,P. lutea,1,PlutMartin36,Martin36,Martin,AC1_2_1,Ambient,1,1,1,1,1,1
AC1,_1111838,2,P. lutea,2,PlutPalms20,Palms20,Palms,AC1_2_2,Ambient,1,1,1,1,1,1
AC1,_1111838,2,P. lutea,3,PlutMartin14,Martin14,Martin,AC1_2_3,Ambient,1,1,1,1,1,1
AC1,_1111838,2,P. lutea,4,PlutPalms23,Palms23,Palms,AC1_2_4,Ambient,1,1,1,1,1,1
AC1,_1111838,2,P. lutea,5,PlutArlington16,Arlington16,Arlington,AC1_2_5,Ambient,1,1,1,1,1,1
AC1,_1111838,2,P. lutea,6,NA,NA,NA,AC1_2_6,Ambient,NA,NA,NA,NA,NA,NA
AC1,_1111838,2,P. lutea,7,PlutDavies1,Davies1,Davies,AC1_2_7,Ambient,1,1,1,1,1,1
AC1,_1111838,2,P. lutea,8,PlutArlington9,Arlington9,Arlington,AC1_2_8,Ambient,1,1,1,1,1,1
AC1,_1111838,2,P. lutea,9,PlutArlington12,Arlington12,Arlington,AC1_2_9,Ambient,1,1,1,1,1,1
AC1,_1111838,2,P. lutea,10,PlutWood6,Wood6,Wood,AC1_2_10,Ambient,NA,NA,NA,NA,NA,NA
AC1,_1111838,2,P. lutea,11,PlutMartin4,Martin4,Martin,AC1_2_11,Ambient,1,1,1,1,1,1
AC1,_1111839,3,A. hyacinthus,1,AhyaDavies15,Davies15,Davies,AC1_3_1,Ambient,1,1,1,1,1,1
AC1,_1111839,3,A. hyacinthus,2,NA,NA,NA,AC1_3_2,Ambient,NA,NA,NA,NA,NA,NA
AC1,_1111839,3,A. hyacinthus,3,AhyaDavies14,Davies14,Davies,AC1_3_3,Ambient,1,1,1,1,1,1
AC1,_1111839,3,A. hyacinthus,4,AhyaArlington10,Arlington10,Arlington,AC1_3_4,Ambient,1,1,1,1,1,1
AC1,_1111839,3,A. hyacinthus,5,AhyaDavies9,Davies9,Davies,AC1_3_5,Ambient,1,1,1,1,1,1
AC1,_1111839,3,A. hyacinthus,6,AhyaWood16,Wood16,Wood,AC1_3_6,Ambient,1,1,1,1,1,1
AC1,_1111839,3,A. hyacinthus,7,AhyaMartin3,Martin3,Martin,AC1_3_7,Ambient,1,1,1,1,1,1
AC1,_1111839,3,A. hyacinthus,8,AhyaPalms6,Palms6,Palms,AC1_3_8,Ambient,1,1,1,1,1,1
AC1,_1111839,3,A. hyacinthus,9,NA,NA,NA,AC1_3_9,Ambient,NA,NA,NA,NA,NA,NA
AC1,_1111839,3,A. hyacinthus,10,AhyaWood8,Wood8,Wood,AC1_3_10,Ambient,1,1,1,1,1,1
AC1,_1111839,3,A. hyacinthus,11,AhyaPalms4,Palms4,Palms,AC1_3_11,Ambient,1,1,1,1,1,1
AC1,_1111841,4,P. lutea,1,PlutDavies10,Davies10,Davies,AC1_4_1,Ambient,1,1,1,1,1,1
AC1,_1111841,4,P. lutea,2,PlutArlington1,Arlington1,Arlington,AC1_4_2,Ambient,1,1,1,1,1,1
AC1,_1111841,4,P. lutea,3,PlutMartin18,Martin18,Martin,AC1_4_3,Ambient,1,1,1,1,1,1
AC1,_1111841,4,P. lutea,4,PlutWood14,Wood14,Wood,AC1_4_4,Ambient,1,1,1,1,1,1
AC1,_1111841,4,P. lutea,5,PlutDavies7,Davies7,Davies,AC1_4_5,Ambient,1,1,1,1,1,1
AC1,_1111841,4,P. lutea,6,PlutArlington6,Arlington6,Arlington,AC1_4_6,Ambient,1,1,1,1,1,1
AC1,_1111841,4,P. lutea,7,PlutDavies9,Davies9,Davies,AC1_4_7,Ambient,1,1,1,1,1,1
AC1,_1111841,4,P. lutea,8,PlutDavies18,Davies18,Davies,AC1_4_8,Ambient,1,1,1,1,1,1
AC1,_1111841,4,P. lutea,9,PlutMartin32,Martin32,Martin,AC1_4_9,Ambient,1,1,1,1,1,1
AC1,_1111841,4,P. lutea,10,PlutPalms17,Palms17,Palms,AC1_4_10,Ambient,1,1,1,1,1,1
AC1,_1111841,4,P. lutea,11,PlutPalms3,Palms3,Palms,AC1_4_11,Ambient,1,1,1,1,1,1
AC1,_1111842,5,A. hyacinthus,1,AhyaMartin12,Martin12,Martin,AC1_5_1,Ambient,1,1,1,1,1,1
AC1,_1111842,5,A. hyacinthus,2,AhyaWood5A,Wood5A,Wood,AC1_5_2,Ambient,1,1,1,1,1,1
AC1,_1111842,5,A. hyacinthus,3,AhyaWood7A,Wood7A,Wood,AC1_5_3,Ambient,1,1,1,1,1,1
AC1,_1111842,5,A. hyacinthus,4,AhyaPalms10,Palms10,Palms,AC1_5_4,Ambient,1,1,1,1,1,1
AC1,_1111842,5,A. hyacinthus,5,AhyaArlington11,Arlington11,Arlington,AC1_5_5,Ambient,1,1,1,1,1,1
AC1,_1111842,5,A. hyacinthus,6,NA,NA,NA,AC1_5_6,Ambient,NA,NA,NA,NA,NA,NA
AC1,_1111842,5,A. hyacinthus,7,AhyaDavies16,Davies16,Davies,AC1_5_7,Ambient,1,1,1,1,1,1
AC1,_1111842,5,A. hyacinthus,8,AhyaDavies12,Davies12,Davies,AC1_5_8,Ambient,1,1,1,1,1,1
AC1,_1111842,5,A. hyacinthus,9,NA,NA,NA,AC1_5_9,Ambient,NA,NA,NA,NA,NA,NA
AC1,_1111842,5,A. hyacinthus,10,AhyaPalms16,Palms16,Palms,AC1_5_10,Ambient,1,1,1,1,1,1
AC1,_1111842,5,A. hyacinthus,11,AhyaMartin13,Martin13,Martin,AC1_5_11,Ambient,1,1,1,1,1,1
AC1,_1111844,6,P. lutea,1,PlutWood4,Wood4,Wood,AC1_6_1,Ambient,1,1,1,1,1,1
AC1,_1111844,6,P. lutea,2,NA,NA,NA,AC1_6_2,Ambient,NA,NA,NA,NA,NA,NA
AC1,_1111844,6,P. lutea,3,NA,NA,NA,AC1_6_3,Ambient,NA,NA,NA,NA,NA,NA
AC1,_1111844,6,P. lutea,4,PlutPalms1,Palms1,Palms,AC1_6_4,Ambient,1,1,1,1,1,1
AC1,_1111844,6,P. lutea,5,PlutWood20,Wood20,Wood,AC1_6_5,Ambient,1,1,1,1,1,1
AC1,_1111844,6,P. lutea,6,PlutWood29,Wood29,Wood,AC1_6_6,Ambient,1,1,1,1,1,1
AC1,_1111844,6,P. lutea,7,PlutWood13,Wood13,Wood,AC1_6_7,Ambient,1,1,1,1,1,1
AC1,_1111844,6,P. lutea,8,PlutDavies3,Davies3,Davies,AC1_6_8,Ambient,1,1,1,1,1,1
AC1,_1111844,6,P. lutea,9,PlutPalms4,Palms4,Palms,AC1_6_9,Ambient,1,1,1,1,1,1
AC1,_1111844,6,P. lutea,10,PlutMartin19,Martin19,Martin,AC1_6_10,Ambient,1,1,1,1,1,1
AC1,_1111844,6,P. lutea,11,PlutArlington19,Arlington19,Arlington,AC1_6_11,Ambient,1,1,1,1,1,1
AC2,_1111863,1,A. hyacinthus,1,NA,NA,NA,AC2_1_1,Ambient,NA,NA,NA,NA,NA,NA
AC2,_1111863,1,A. hyacinthus,2,AhyaDavies16,Davies16,Davies,AC2_1_2,Ambient,1,1,1,1,1,1
AC2,_1111863,1,A. hyacinthus,3,AhyaMartin17,Martin17,Martin,AC2_1_3,Ambient,1,1,1,1,1,1
AC2,_1111863,1,A. hyacinthus,4,AhyaWood8,Wood8,Wood,AC2_1_4,Ambient,1,1,1,1,1,1
AC2,_1111863,1,A. hyacinthus,5,AhyaWood16,Wood16,Wood,AC2_1_5,Ambient,1,1,1,1,1,1
AC2,_1111863,1,A. hyacinthus,6,AhyaArlington6,Arlington6,Arlington,AC2_1_6,Ambient,1,1,1,1,1,1
AC2,_1111863,1,A. hyacinthus,7,AhyaDavies14,Davies14,Davies,AC2_1_7,Ambient,1,1,1,1,1,1
AC2,_1111863,1,A. hyacinthus,8,AhyaArlington9,Arlington9,Arlington,AC2_1_8,Ambient,1,1,1,1,1,1
AC2,_1111863,1,A. hyacinthus,9,NA,NA,NA,AC2_1_9,Ambient,NA,NA,NA,NA,NA,NA
AC2,_1111863,1,A. hyacinthus,10,NA,NA,NA,AC2_1_10,Ambient,NA,NA,NA,NA,NA,NA
AC2,_1111863,1,A. hyacinthus,11,AhyaArlington1,Arlington1,Arlington,AC2_1_11,Ambient,1,1,1,1,1,1
AC2,_1111863,2,A. hyacinthus,1,NA,NA,NA,AC2_2_1,Ambient,NA,NA,NA,NA,NA,NA
AC2,_1111865,2,P. lutea,2,PlutMartin36,Martin36,Martin,AC2_2_2,Ambient,1,1,1,1,1,1
AC2,_1111865,2,P. lutea,3,PlutArlington16,Arlington16,Arlington,AC2_2_3,Ambient,1,1,1,1,1,1
AC2,_1111865,2,P. lutea,4,PlutMartin19,Martin19,Martin,AC2_2_4,Ambient,1,1,1,1,1,1
AC2,_1111865,2,P. lutea,5,PlutWood14,Wood14,Wood,AC2_2_5,Ambient,1,1,1,1,1,1
AC2,_1111865,2,P. lutea,6,PlutArlington9,Arlington9,Arlington,AC2_2_6,Ambient,1,1,1,1,1,1
AC2,_1111865,2,P. lutea,6,PlutWood6,Wood6,Wood,AC2_2_6,Ambient,NA,NA,NA,NA,NA,NA
AC2,_1111865,2,P. lutea,8,PlutDavies10,Davies10,Davies,AC2_2_8,Ambient,1,1,1,1,1,1
AC2,_1111865,2,P. lutea,9,PlutArlington19,Arlington19,Arlington,AC2_2_9,Ambient,1,1,1,1,1,1
AC2,_1111865,2,P. lutea,10,PlutPalms3,Palms3,Palms,AC2_2_10,Ambient,1,1,1,1,1,1
AC2,_1111865,2,P. lutea,11,PlutMartin14,Martin14,Martin,AC2_2_11,Ambient,1,1,1,1,1,1
AC2,_1111866,3,A. hyacinthus,1,AhyaDavies15,Davies15,Davies,AC2_3_1,Ambient,1,1,1,1,1,1
AC2,_1111866,3,A. hyacinthus,2,NA,NA,NA,AC2_3_2,Ambient,NA,NA,NA,NA,NA,NA
AC2,_1111866,3,A. hyacinthus,3,AhyaMartin11,Martin11,Martin,AC2_3_3,Ambient,1,1,1,1,1,1
AC2,_1111866,3,A. hyacinthus,4,AhyaMart3,Martin3,Martin,AC2_3_4,Ambient,1,1,1,1,1,1
AC2,_1111866,3,A. hyacinthus,5,NA,NA,NA,AC2_3_5,Ambient,NA,NA,NA,NA,NA,NA
AC2,_1111866,3,A. hyacinthus,6,AhyaDavies12,Davies12,Davies,AC2_3_6,Ambient,1,1,1,1,1,1
AC2,_1111866,3,A. hyacinthus,7,AhyaDavies18,Davies18,Davies,AC2_3_7,Ambient,1,1,1,1,1,1
AC2,_1111866,3,A. hyacinthus,8,AhyaMartin13,Martin13,Martin,AC2_3_8,Ambient,1,1,1,1,1,1
AC2,_1111866,3,A. hyacinthus,9,AhyaWood7A,Wood7A,Wood,AC2_3_9,Ambient,1,1,1,1,1,1
AC2,_1111866,3,A. hyacinthus,10,AhyaPalms6,Palms6,Palms,AC2_3_10,Ambient,1,1,1,1,1,1
AC2,_1111866,3,A. hyacinthus,11,AhyaPalms3,Palms3,Palms,AC2_3_11,Ambient,1,1,1,1,1,1
AC2,_1111868,4,P. lutea,1,PlutWood13,Wood13,Wood,AC2_4_1,Ambient,1,1,1,1,1,1
AC2,_1111868,4,P. lutea,2,NA,NA,NA,AC2_4_2,Ambient,NA,NA,NA,NA,NA,NA
AC2,_1111868,4,P. lutea,3,PlutPalms1,Palms1,Palms,AC2_4_3,Ambient,1,1,1,1,1,1
AC2,_1111868,4,P. lutea,4,PlutPalms4,Palms4,Palms,AC2_4_4,Ambient,1,1,1,1,1,1
AC2,_1111868,4,P. lutea,5,PlutPalms20,Palms20,Palms,AC2_4_5,Ambient,1,1,1,1,1,1
AC2,_1111868,4,P. lutea,6,NA,NA,NA,AC2_4_6,Ambient,NA,NA,NA,NA,NA,NA
AC2,_1111868,4,P. lutea,7,PlutDavies7,Davies7,Davies,AC2_4_7,Ambient,1,1,1,1,1,1
AC2,_1111868,4,P. lutea,8,PlutPalms23,Palms23,Palms,AC2_4_8,Ambient,1,1,1,1,1,1
AC2,_1111868,4,P. lutea,9,PlutWood29,Wood29,Wood,AC2_4_9,Ambient,1,1,1,1,1,1
AC2,_1111868,4,P. lutea,10,PlutDavies3,Davies3,Davies,AC2_4_10,Ambient,1,1,1,1,1,1
AC2,_1111868,4,P. lutea,11,PlutMartin32,Martin32,Martin,AC2_4_11,Ambient,1,1,1,1,1,1
AC2,_1111869,5,A. hyacinthus,1,AhyaWood17,Wood17,Wood,AC2_5_1,Ambient,1,1,1,1,1,1
AC2,_1111869,5,A. hyacinthus,2,AhyaArlington8,Arlington8,Arlington,AC2_5_2,Ambient,1,1,1,1,1,1
AC2,_1111869,5,A. hyacinthus,3,AhyaArlington11,Arlington11,Arlington,AC2_5_3,Ambient,1,1,1,1,1,1
AC2,_1111869,5,A. hyacinthus,4,AhyaMartin12,Martin12,Martin,AC2_5_4,Ambient,1,1,1,1,1,1
AC2,_1111869,5,A. hyacinthus,5,AhyaPalms16,Palms16,Palms,AC2_5_5,Ambient,1,1,1,1,1,1
AC2,_1111869,5,A. hyacinthus,6,AhyaArlington10,Arlington10,Arlington,AC2_5_6,Ambient,1,1,1,1,1,1
AC2,_1111869,5,A. hyacinthus,7,AhyaDavies9,Davies9,Davies,AC2_5_7,Ambient,1,1,1,1,1,1
AC2,_1111869,5,A. hyacinthus,8,AhyaPalms10,Palms10,Palms,AC2_5_8,Ambient,1,1,1,1,1,1
AC2,_1111869,5,A. hyacinthus,9,AhyaPalms5,Palms5,Palms,AC2_5_9,Ambient,1,1,1,1,1,1
AC2,_1111869,5,A. hyacinthus,10,AhyaWood5A,Wood5A,Wood,AC2_5_10,Ambient,1,1,1,1,1,1
AC2,_1111869,5,A. hyacinthus,11,AhyaPalms4,Palms4,Palms,AC2_5_11,Ambient,1,1,1,1,1,1
AC2,_1111871,6,P. lutea,1,PlutWood4,Wood4,Wood,AC2_6_1,Ambient,1,1,1,1,1,1
AC2,_1111871,6,P. lutea,2,PlutArlington1,Arlington1,Arlington,AC2_6_2,Ambient,1,1,1,1,1,1
AC2,_1111871,6,P. lutea,3,PlutDavies1,Davies1,Davies,AC2_6_3,Ambient,1,1,1,1,1,1
AC2,_1111871,6,P. lutea,4,PlutArlington6,Arlington6,Arlington,AC2_6_4,Ambient,1,1,1,1,1,1
AC2,_1111871,6,P. lutea,5,PlutDavies9,Davies9,Davies,AC2_6_5,Ambient,1,1,1,1,1,1
AC2,_1111871,6,P. lutea,6,PlutWood20,Wood20,Wood,AC2_6_6,Ambient,1,1,1,1,1,1
AC2,_1111871,6,P. lutea,7,PlutMartin4,Martin4,Martin,AC2_6_7,Ambient,1,1,1,1,1,1
AC2,_1111871,6,P. lutea,8,PlutPalms17,Palms17,Palms,AC2_6_8,Ambient,1,1,1,1,1,1
AC2,_1111871,6,P. lutea,9,PlutArlington12,Arlington12,Arlington,AC2_6_9,Ambient,1,1,1,1,1,1
AC2,_1111871,6,P. lutea,10,PlutDavies18,Davies18,Davies,AC2_6_10,Ambient,1,1,1,1,1,1
AC2,_1111871,6,P. lutea,11,PlutMartin18,Martin18,Martin,AC2_6_11,Ambient,1,1,1,1,1,1
AC3,_1111872,1,A. hyacinthus,1,AhyaWood17,Wood17,Wood,AC3_1_1,Ambient,1,1,1,1,1,1
AC3,_1111872,1,A. hyacinthus,2,AhyaMartin13,Martin13,Martin,AC3_1_2,Ambient,1,1,1,1,1,1
AC3,_1111872,1,A. hyacinthus,3,AhyaArlington8,Arlington8,Arlington,AC3_1_3,Ambient,1,1,1,1,1,1
AC3,_1111872,1,A. hyacinthus,4,NA,NA,NA,AC3_1_4,Ambient,NA,NA,NA,NA,NA,NA
AC3,_1111872,1,A. hyacinthus,5,AhyaWood16,Wood16,Wood,AC3_1_5,Ambient,1,1,1,1,1,1
AC3,_1111872,1,A. hyacinthus,6,AhyaArlington1,Arlington1,Arlington,AC3_1_6,Ambient,1,1,1,1,1,1
AC3,_1111872,1,A. hyacinthus,7,AhyaPalms5,Palms5,Palms,AC3_1_7,Ambient,1,1,1,1,1,1
AC3,_1111872,1,A. hyacinthus,8,AhyaMartin11,Martin11,Martin,AC3_1_8,Ambient,1,1,1,1,1,1
AC3,_1111872,1,A. hyacinthus,9,NA,NA,NA,AC3_1_9,Ambient,NA,NA,NA,NA,NA,NA
AC3,_1111872,1,A. hyacinthus,10,AhyaPalms16,Palms16,Palms,AC3_1_10,Ambient,1,1,1,1,1,1
AC3,_1111872,1,A. hyacinthus,11,AhyaArlington10,Arlington10,Arlington,AC3_1_11,Ambient,1,1,1,1,1,1
AC3,_1111874,2,P. lutea,1,PlutArlington6,Arlington6,Arlington,AC3_2_1,Ambient,1,1,1,1,1,1
AC3,_1111874,2,P. lutea,2,PlutDavies18,Davies18,Davies,AC3_2_2,Ambient,1,1,1,1,1,1
AC3,_1111874,2,P. lutea,3,NA,NA,NA,AC3_2_3,Ambient,NA,NA,NA,NA,NA,NA
AC3,_1111874,2,P. lutea,4,PlutMartin32,Martin32,Martin,AC3_2_4,Ambient,1,1,1,1,1,1
AC3,_1111874,2,P. lutea,5,PlutArlington12,Arlington12,Arlington,AC3_2_5,Ambient,1,1,1,1,1,1
AC3,_1111874,2,P. lutea,6,PlutWood4,Wood4,Wood,AC3_2_6,Ambient,1,1,1,1,1,1
AC3,_1111874,2,P. lutea,7,PlutPalms17,Palms17,Palms,AC3_2_7,Ambient,1,1,1,1,1,1
AC3,_1111874,2,P. lutea,8,PlutMartin18,Martin18,Martin,AC3_2_8,Ambient,1,1,1,1,1,1
AC3,_1111874,2,P. lutea,9,PlutWood6,Wood6,Wood,AC3_2_9,Ambient,1,1,1,1,1,1
AC3,_1111874,2,P. lutea,10,PlutMartin14,Martin14,Martin,AC3_2_10,Ambient,1,1,1,1,1,1
AC3,_1111874,2,P. lutea,11,PlutPalms1,Palms1,Palms,AC3_2_11,Ambient,1,1,1,1,1,1
AC3,_1111875,3,A. hyacinthus,1,AhyaDavies12,Davies12,Davies,AC3_3_1,Ambient,1,1,1,1,1,1
AC3,_1111875,3,A. hyacinthus,2,AhyaWood5A,Wood5A,Wood,AC3_3_2,Ambient,1,1,1,1,1,1
AC3,_1111875,3,A. hyacinthus,3,NA,NA,NA,AC3_3_3,Ambient,NA,NA,NA,NA,NA,NA
AC3,_1111875,3,A. hyacinthus,4,AhyaMartin17,Martin17,Martin,AC3_3_4,Ambient,1,1,1,1,1,1
AC3,_1111875,3,A. hyacinthus,5,AhyaWood7A,Wood7A,Wood,AC3_3_5,Ambient,1,1,1,1,1,1
AC3,_1111875,3,A. hyacinthus,6,AhyaPalms3,Palms3,Palms,AC3_3_6,Ambient,1,1,1,1,1,1
AC3,_1111875,3,A. hyacinthus,7,AhyaPalms4,Palms4,Palms,AC3_3_7,Ambient,1,1,1,1,1,1
AC3,_1111875,3,A. hyacinthus,8,AhyaMartin12,Martin12,Martin,AC3_3_8,Ambient,1,1,1,1,1,1
AC3,_1111875,3,A. hyacinthus,9,AhyaDavies18,Davies18,Davies,AC3_3_9,Ambient,1,1,1,1,1,1
AC3,_1111875,3,A. hyacinthus,10,NA,NA,NA,AC3_3_10,Ambient,NA,NA,NA,NA,NA,NA
AC3,_1111875,3,A. hyacinthus,11,AhyaDavies15,Davies15,Davies,AC3_3_11,Ambient,1,1,1,1,1,1
AC3,_1111877,4,P. lutea,1,PlutMartin36,Martin36,Martin,AC3_4_1,Ambient,1,1,1,1,1,1
AC3,_1111877,4,P. lutea,2,PlutPalms4,Palms4,Palms,AC3_4_2,Ambient,1,1,1,1,1,1
AC3,_1111877,4,P. lutea,3,NA,NA,NA,AC3_4_3,Ambient,NA,NA,NA,NA,NA,NA
AC3,_1111877,4,P. lutea,4,PlutArlington16,Arlington16,Arlington,AC3_4_4,Ambient,1,1,1,1,1,1
AC3,_1111877,4,P. lutea,5,PlutMartin19,Martin19,Martin,AC3_4_5,Ambient,1,1,1,1,1,1
AC3,_1111877,4,P. lutea,6,PlutPalms23,Palms23,Palms,AC3_4_6,Ambient,1,1,1,1,1,1
AC3,_1111877,4,P. lutea,7,PlutArlington9,Arlington9,Arlington,AC3_4_7,Ambient,1,1,1,1,1,1
AC3,_1111877,4,P. lutea,8,PlutDavies9,Davies9,Davies,AC3_4_8,Ambient,1,1,1,1,1,1
AC3,_1111877,4,P. lutea,9,PlutWood29,Wood29,Wood,AC3_4_9,Ambient,1,1,1,1,1,1
AC3,_1111877,4,P. lutea,10,PlutArlington19,Arlington19,Arlington,AC3_4_10,Ambient,1,1,1,1,1,1
AC3,_1111877,4,P. lutea,11,PlutPalms3,Palms3,Palms,AC3_4_11,Ambient,1,1,1,1,1,1
AC3,_1111878,5,A. hyacinthus,1,AhyaMartin3,Martin3,Martin,AC3_5_1,Ambient,1,1,1,1,1,1
AC3,_1111878,5,A. hyacinthus,2,AhyaArlington6,Arlington6,Arlington,AC3_5_2,Ambient,1,1,1,1,1,1
AC3,_1111878,5,A. hyacinthus,3,AhyaArlington9,Arlington9,Arlington,AC3_5_3,Ambient,1,1,1,1,1,1
AC3,_1111878,5,A. hyacinthus,4,AhyaDavies16,Davies16,Davies,AC3_5_4,Ambient,1,1,1,1,1,1
AC3,_1111878,5,A. hyacinthus,5,AhyaWood8,Wood8,Wood,AC3_5_5,Ambient,1,1,1,1,1,1
AC3,_1111878,5,A. hyacinthus,6,AhyaDavies9,Davies9,Davies,AC3_5_6,Ambient,1,1,1,1,1,1
AC3,_1111878,5,A. hyacinthus,7,AhyaPalms10,Palms10,Palms,AC3_5_7,Ambient,1,1,1,1,1,1
AC3,_1111878,5,A. hyacinthus,8,NA,NA,NA,AC3_5_8,Ambient,NA,NA,NA,NA,NA,NA
AC3,_1111878,5,A. hyacinthus,9,AhyaArlington11,Arlington11,Arlington,AC3_5_9,Ambient,1,1,1,1,1,1
AC3,_1111878,5,A. hyacinthus,10,AhyaDavies14,Davies14,Davies,AC3_5_10,Ambient,1,1,1,1,1,1
AC3,_1111878,5,A. hyacinthus,11,AhyaPalms6,Palms6,Palms,AC3_5_11,Ambient,1,1,1,1,1,1
AC3,_1111880,6,P. lutea,1,PlutDavies7,Davies7,Davies,AC3_6_1,Ambient,1,1,1,1,1,1
AC3,_1111880,6,P. lutea,2,PlutDavies10,Davies10,Davies,AC3_6_2,Ambient,1,1,1,1,1,1
AC3,_1111880,6,P. lutea,3,NA,NA,NA,AC3_6_3,Ambient,NA,NA,NA,NA,NA,NA
AC3,_1111880,6,P. lutea,4,PlutDavies3,Davies3,Davies,AC3_6_4,Ambient,1,1,1,1,1,1
AC3,_1111880,6,P. lutea,5,PlutMartin4,Martin4,Martin,AC3_6_5,Ambient,1,1,1,1,1,1
AC3,_1111880,6,P. lutea,6,PlutDavies1,Davies1,Davies,AC3_6_6,Ambient,1,1,1,1,1,1
AC3,_1111880,6,P. lutea,7,PlutPalms20,Palms20,Palms,AC3_6_7,Ambient,1,1,1,1,1,1
AC3,_1111880,6,P. lutea,8,PlutWood14,Wood14,Wood,AC3_6_8,Ambient,1,1,1,1,1,1
AC3,_1111880,6,P. lutea,9,PlutArlington1,Arlington1,Arlington,AC3_6_9,Ambient,1,1,1,1,1,1
AC3,_1111880,6,P. lutea,10,NA,NA,NA,AC3_6_10,Ambient,NA,NA,NA,NA,NA,NA
AC3,_1111880,6,P. lutea,11,PlutWood13,Wood13,Wood,AC3_6_11,Ambient,1,1,1,1,1,1
AC4,_1111881,1,A. hyacinthus,1,AhyaWood7A,Wood7A,Wood,AC4_1_1,Ambient,1,1,1,1,1,1
AC4,_1111881,1,A. hyacinthus,2,AhyaArlington11,Arlington11,Arlington,AC4_1_2,Ambient,1,1,1,1,1,1
AC4,_1111881,1,A. hyacinthus,3,AhyaDavies12,Davies12,Davies,AC4_1_3,Ambient,1,1,1,1,1,1
AC4,_1111881,1,A. hyacinthus,4,NA,NA,NA,AC4_1_4,Ambient,NA,NA,NA,NA,NA,NA
AC4,_1111881,1,A. hyacinthus,5,AhyaPalms3,Palms3,Palms,AC4_1_5,Ambient,1,1,1,1,1,1
AC4,_1111881,1,A. hyacinthus,6,AhyaWood17,Wood17,Wood,AC4_1_6,Ambient,1,1,1,1,1,1
AC4,_1111881,1,A. hyacinthus,7,AhyaPalms6,Palms6,Palms,AC4_1_7,Ambient,1,1,1,1,1,1
AC4,_1111881,1,A. hyacinthus,8,AhyaArlington1,Arlington1,Arlington,AC4_1_8,Ambient,1,1,1,1,1,1
AC4,_1111881,1,A. hyacinthus,9,AhyaWood8,Wood8,Wood,AC4_1_9,Ambient,1,1,1,1,1,1
AC4,_1111881,1,A. hyacinthus,10,AhyaPalms5,Palms5,Palms,AC4_1_10,Ambient,1,1,1,1,1,1
AC4,_1111881,1,A. hyacinthus,11,AhyaPalms16,Palms16,Palms,AC4_1_11,Ambient,1,1,1,1,1,1
AC4,_1111883,2,P. lutea,1,PlutMartin14,Martin14,Martin,AC4_2_1,Ambient,1,1,1,1,1,1
AC4,_1111883,2,P. lutea,2,NA,NA,NA,AC4_2_2,Ambient,NA,NA,NA,NA,NA,NA
AC4,_1111883,2,P. lutea,3,PlutMartin4,Martin4,Martin,AC4_2_3,Ambient,1,1,1,1,1,1
AC4,_1111883,2,P. lutea,4,PlutPalms1,Palms1,Palms,AC4_2_4,Ambient,1,1,1,1,1,1
AC4,_1111883,2,P. lutea,5,PlutWood14,Wood14,Wood,AC4_2_5,Ambient,1,1,1,1,1,1
AC4,_1111883,2,P. lutea,6,PlutWood29,Wood29,Wood,AC4_2_6,Ambient,1,1,1,1,1,1
AC4,_1111883,2,P. lutea,7,PlutDavies9,Davies9,Davies,AC4_2_7,Ambient,1,1,1,1,1,1
AC4,_1111883,2,P. lutea,8,PlutPalms17,Palms17,Palms,AC4_2_8,Ambient,1,1,1,1,1,1
AC4,_1111883,2,P. lutea,9,PlutPalms23,Palms23,Palms,AC4_2_9,Ambient,1,1,1,1,1,1
AC4,_1111883,2,P. lutea,10,PlutPalms20,Palms20,Palms,AC4_2_10,Ambient,1,1,1,1,1,1
AC4,_1111883,2,P. lutea,11,NA,NA,NA,AC4_2_11,Ambient,NA,NA,NA,NA,NA,NA
AC4,_1111884,3,A. hyacinthus,1,AhyaMartin3,Martin3,Martin,AC4_3_1,Ambient,1,1,1,1,1,1
AC4,_1111884,3,A. hyacinthus,2,NA,NA,NA,AC4_3_2,Ambient,NA,NA,NA,NA,NA,NA
AC4,_1111884,3,A. hyacinthus,3,AhyaDavies18,Davies18,Davies,AC4_3_3,Ambient,1,1,1,1,1,1
AC4,_1111884,3,A. hyacinthus,4,AhyaDavies14,Davies14,Davies,AC4_3_4,Ambient,1,1,1,1,1,1
AC4,_1111884,3,A. hyacinthus,5,AhyaWood16,Wood16,Wood,AC4_3_5,Ambient,1,1,1,1,1,1
AC4,_1111884,3,A. hyacinthus,6,AhyaArlington9,Arlington9,Arlington,AC4_3_6,Ambient,1,1,1,1,1,1
AC4,_1111884,3,A. hyacinthus,7,AhyaWood5A,Wood5A,Wood,AC4_3_7,Ambient,1,1,1,1,1,1
AC4,_1111884,3,A. hyacinthus,8,AhyaPalms10,Palms10,Palms,AC4_3_8,Ambient,1,1,1,1,1,1
AC4,_1111884,3,A. hyacinthus,9,AhyaArlington6,Arlington6,Arlington,AC4_3_9,Ambient,1,1,1,1,1,1
AC4,_1111884,3,A. hyacinthus,10,AhyaArlington10,Arlington10,Arlington,AC4_3_10,Ambient,1,1,1,1,1,1
AC4,_1111884,3,A. hyacinthus,11,NA,NA,NA,AC4_3_11,Ambient,NA,NA,NA,NA,NA,NA
AC4,_1111886,4,P. lutea,1,PlutWood13,Wood13,Wood,AC4_4_1,Ambient,1,1,1,1,1,1
AC4,_1111886,4,P. lutea,2,PlutPalms3,Palms3,Palms,AC4_4_2,Ambient,1,1,1,1,1,1
AC4,_1111886,4,P. lutea,3,NA,NA,NA,AC4_4_3,Ambient,NA,NA,NA,NA,NA,NA
AC4,_1111886,4,P. lutea,4,NA,NA,NA,AC4_4_4,Ambient,NA,NA,NA,NA,NA,NA
AC4,_1111886,4,P. lutea,5,PlutArlington19,Arlington19,Arlington,AC4_4_5,Ambient,1,1,1,1,1,1
AC4,_1111886,4,P. lutea,6,PlutArlington6,Arlington6,Arlington,AC4_4_6,Ambient,1,1,1,1,1,1
AC4,_1111886,4,P. lutea,7,PlutMartin19,Martin19,Martin,AC4_4_7,Ambient,1,1,1,1,1,1
AC4,_1111886,4,P. lutea,8,PlutPalms4,Palms4,Palms,AC4_4_8,Ambient,1,1,1,1,1,1
AC4,_1111886,4,P. lutea,9,PlutMartin18,Martin18,Martin,AC4_4_9,Ambient,1,1,1,1,1,1
AC4,_1111886,4,P. lutea,10,PlutDavies18,Davies18,Davies,AC4_4_10,Ambient,1,1,1,1,1,1
AC4,_1111886,4,P. lutea,11,PlutArlington12,Arlington12,Arlington,AC4_4_11,Ambient,1,1,1,1,1,1
AC4,_1111887,5,A. hyacinthus,1,AhyaMartin13,Martin13,Martin,AC4_5_1,Ambient,1,1,1,1,1,1
AC4,_1111887,5,A. hyacinthus,2,NA,NA,NA,AC4_5_2,Ambient,NA,NA,NA,NA,NA,NA
AC4,_1111887,5,A. hyacinthus,3,AhyaArlington8,Arlington8,Arlington,AC4_5_3,Ambient,1,1,1,1,1,1
AC4,_1111887,5,A. hyacinthus,4,AhyaDavies9,Davies9,Davies,AC4_5_4,Ambient,1,1,1,1,1,1
AC4,_1111887,5,A. hyacinthus,5,NA,NA,NA,AC4_5_5,Ambient,NA,NA,NA,NA,NA,NA
AC4,_1111887,5,A. hyacinthus,6,AhyaPalms4,Palms4,Palms,AC4_5_6,Ambient,1,1,1,1,1,1
AC4,_1111887,5,A. hyacinthus,7,AhyaDavies15,Davies15,Davies,AC4_5_7,Ambient,1,1,1,1,1,1
AC4,_1111887,5,A. hyacinthus,8,AhyaMartin12,Martin12,Martin,AC4_5_8,Ambient,1,1,1,1,1,1
AC4,_1111887,5,A. hyacinthus,9,AhyaDavies16,Davies16,Davies,AC4_5_9,Ambient,1,1,1,1,1,1
AC4,_1111887,5,A. hyacinthus,10,AhyaMartin17,Martin17,Martin,AC4_5_10,Ambient,1,1,1,1,1,1
AC4,_1111887,5,A. hyacinthus,11,AhyaMartin11,Martin11,Martin,AC4_5_11,Ambient,1,1,1,1,1,1
AC4,_1111889,6,P. lutea,1,PlutArlington1,Arlington1,Arlington,AC4_6_1,Ambient,1,1,1,1,1,1
AC4,_1111889,6,P. lutea,2,PlutArlington16,Arlington16,Arlington,AC4_6_2,Ambient,1,1,1,1,1,1
AC4,_1111889,6,P. lutea,3,PlutMartin32,Martin32,Martin,AC4_6_3,Ambient,1,1,1,1,1,1
AC4,_1111889,6,P. lutea,4,PlutDavies3,Davies3,Davies,AC4_6_4,Ambient,1,1,1,1,1,1
AC4,_1111889,6,P. lutea,5,PlutDavies7,Davies7,Davies,AC4_6_5,Ambient,1,1,1,1,1,1
AC4,_1111889,6,P. lutea,6,PlutWood4,Wood4,Wood,AC4_6_6,Ambient,1,1,1,1,1,1
AC4,_1111889,6,P. lutea,7,PlutMartin36,Martin36,Martin,AC4_6_7,Ambient,1,1,1,1,1,1
AC4,_1111889,6,P. lutea,8,PlutDavies10,Davies10,Davies,AC4_6_8,Ambient,1,1,1,1,1,1
AC4,_1111889,6,P. lutea,9,PlutArlington9,Arlington9,Arlington,AC4_6_9,Ambient,1,1,1,1,1,1
AC4,_1111889,6,P. lutea,10,PlutWood20,Wood20,Wood,AC4_6_10,Ambient,1,1,1,1,1,1
AC4,_1111889,6,P. lutea,11,PlutDavies1,Davies1,Davies,AC4_6_11,Ambient,1,1,1,1,1,1
AC5,_1111899,1,A. hyacinthus,1,AhyaPalms16,Palms16,Palms,AC5_1_1,Ambient,1,1,1,1,1,1
AC5,_1111899,1,A. hyacinthus,2,NA,NA,NA,AC5_1_2,Ambient,NA,NA,NA,NA,NA,NA
AC5,_1111899,1,A. hyacinthus,3,AhyaDavies15,Davies15,Davies,AC5_1_3,Ambient,1,1,1,1,1,1
AC5,_1111899,1,A. hyacinthus,4,AhyaArlington10,Arlington10,Arlington,AC5_1_4,Ambient,1,1,1,1,1,1
AC5,_1111899,1,A. hyacinthus,5,AhyaMartin3,Martin3,Martin,AC5_1_5,Ambient,1,1,1,1,1,1
AC5,_1111899,1,A. hyacinthus,6,AhyaWood17,Wood17,Wood,AC5_1_6,Ambient,1,1,1,1,1,1
AC5,_1111899,1,A. hyacinthus,7,AhyaPalms6,Palms6,Palms,AC5_1_7,Ambient,1,1,1,1,1,1
AC5,_1111899,1,A. hyacinthus,8,AhyaPalms5,Palms5,Palms,AC5_1_8,Ambient,1,1,1,1,1,1
AC5,_1111899,1,A. hyacinthus,9,NA,NA,NA,AC5_1_9,Ambient,NA,NA,NA,NA,NA,NA
AC5,_1111899,1,A. hyacinthus,10,AhyaDavies18,Davies18,Davies,AC5_1_10,Ambient,1,1,1,1,1,1
AC5,_1111899,1,A. hyacinthus,11,AhyaDavies12,Davies12,Davies,AC5_1_11,Ambient,1,1,1,1,1,1
AC5,_1111901,2,P. lutea,1,PlutDavies7,Davies7,Davies,AC5_2_1,Ambient,1,1,1,1,1,1
AC5,_1111901,2,P. lutea,2,PlutDavies1,Davies1,Davies,AC5_2_2,Ambient,1,1,1,1,1,1
AC5,_1111901,2,P. lutea,3,NA,NA,NA,AC5_2_3,Ambient,NA,NA,NA,NA,NA,NA
AC5,_1111901,2,P. lutea,4,PlutPalms4,Palms4,Palms,AC5_2_4,Ambient,1,1,1,1,1,1
AC5,_1111901,2,P. lutea,5,NA,NA,NA,AC5_2_5,Ambient,NA,NA,NA,NA,NA,NA
AC5,_1111901,2,P. lutea,6,PlutWood4,Wood4,Wood,AC5_2_6,Ambient,1,1,1,1,1,1
AC5,_1111901,2,P. lutea,7,PlutMartin14,Martin14,Martin,AC5_2_7,Ambient,1,1,1,1,1,1
AC5,_1111901,2,P. lutea,8,NA,NA,NA,AC5_2_8,Ambient,NA,NA,NA,NA,NA,NA
AC5,_1111901,2,P. lutea,9,PlutArlington1,Arlington1,Arlington,AC5_2_9,Ambient,1,1,1,1,1,1
AC5,_1111901,2,P. lutea,10,PlutArlington9,Arlington9,Arlington,AC5_2_10,Ambient,1,1,1,1,1,1
AC5,_1111901,2,P. lutea,11,PlutMartin19,Martin19,Martin,AC5_2_11,Ambient,1,1,1,1,1,1
AC5,_1111902,3,A. hyacinthus,1,AhyaPalms3,Palms3,Palms,AC5_3_1,Ambient,1,1,1,1,1,1
AC5,_1111902,3,A. hyacinthus,2,AhyaMartin11,Martin11,Martin,AC5_3_2,Ambient,1,1,1,1,1,1
AC5,_1111902,3,A. hyacinthus,3,AhyaArlington1,Arlington1,Arlington,AC5_3_3,Ambient,1,1,1,1,1,1
AC5,_1111902,3,A. hyacinthus,4,NA,NA,NA,AC5_3_4,Ambient,NA,NA,NA,NA,NA,NA
AC5,_1111902,3,A. hyacinthus,5,AhyaArlington6,Arlington6,Arlington,AC5_3_5,Ambient,1,1,1,1,1,1
AC5,_1111902,3,A. hyacinthus,6,AhyaDavies9,Davies9,Davies,AC5_3_6,Ambient,1,1,1,1,1,1
AC5,_1111902,3,A. hyacinthus,7,NA,NA,NA,AC5_3_7,Ambient,NA,NA,NA,NA,NA,NA
AC5,_1111902,3,A. hyacinthus,8,AhyaWood5A,Wood5A,Wood,AC5_3_8,Ambient,1,1,1,1,1,1
AC5,_1111902,3,A. hyacinthus,9,AhyaMartin13,Martin13,Martin,AC5_3_9,Ambient,1,1,1,1,1,1
AC5,_1111902,3,A. hyacinthus,10,AhyaPalms10,Palms10,Palms,AC5_3_10,Ambient,1,1,1,1,1,1
AC5,_1111902,3,A. hyacinthus,11,AhyaWood8,Wood8,Wood,AC5_3_11,Ambient,1,1,1,1,1,1
AC5,_1111904,4,P. lutea,1,PlutPalms23,Palms23,Palms,AC5_4_1,Ambient,1,1,1,1,1,1
AC5,_1111904,4,P. lutea,2,PlutMartin18,Martin18,Martin,AC5_4_2,Ambient,1,1,1,1,1,1
AC5,_1111904,4,P. lutea,3,PlutWood29,Wood29,Wood,AC5_4_3,Ambient,1,1,1,1,1,1
AC5,_1111904,4,P. lutea,4,PlutWood14,Wood14,Wood,AC5_4_4,Ambient,1,1,1,1,1,1
AC5,_1111904,4,P. lutea,5,PlutMartin36,Martin36,Martin,AC5_4_5,Ambient,1,1,1,1,1,1
AC5,_1111904,4,P. lutea,6,PlutDavies3,Davies3,Davies,AC5_4_6,Ambient,1,1,1,1,1,1
AC5,_1111904,4,P. lutea,7,PlutPalms3,Palms3,Palms,AC5_4_7,Ambient,1,1,1,1,1,1
AC5,_1111904,4,P. lutea,8,PlutArlington6,Arlington6,Arlington,AC5_4_8,Ambient,1,1,1,1,1,1
AC5,_1111904,4,P. lutea,9,PlutPalms20,Palms20,Palms,AC5_4_9,Ambient,1,1,1,1,1,1
AC5,_1111904,4,P. lutea,10,PlutArlington12,Arlington12,Arlington,AC5_4_10,Ambient,1,1,1,1,1,1
AC5,_1111904,4,P. lutea,11,PlutDavies18,Davies18,Davies,AC5_4_11,Ambient,1,1,1,1,1,1
AC5,_1111905,5,A. hyacinthus,1,NA,NA,NA,AC5_5_1,Ambient,NA,NA,NA,NA,NA,NA
AC5,_1111905,5,A. hyacinthus,2,AhyaArlington8,Arlington8,Arlington,AC5_5_2,Ambient,1,1,1,1,1,1
AC5,_1111905,5,A. hyacinthus,3,AhyaWood16,Wood16,Wood,AC5_5_3,Ambient,1,1,1,1,1,1
AC5,_1111905,5,A. hyacinthus,4,AhyaMartin17,Martin17,Martin,AC5_5_4,Ambient,1,1,1,1,1,1
AC5,_1111905,5,A. hyacinthus,5,AhyaArlington9,Arlington9,Arlington,AC5_5_5,Ambient,1,1,1,1,1,1
AC5,_1111905,5,A. hyacinthus,6,AhyaArlington11,Arlington11,Arlington,AC5_5_6,Ambient,1,1,1,1,1,1
AC5,_1111905,5,A. hyacinthus,7,AhyaDavies16,Davies16,Davies,AC5_5_7,Ambient,1,1,1,1,1,1
AC5,_1111905,5,A. hyacinthus,8,AhyaMartin12,Martin12,Martin,AC5_5_8,Ambient,1,1,1,1,1,1
AC5,_1111905,5,A. hyacinthus,9,AhyaPalms4,Palms4,Palms,AC5_5_9,Ambient,1,1,1,1,1,1
AC5,_1111905,5,A. hyacinthus,10,AhyaWood7A,Wood7A,Wood,AC5_5_10,Ambient,1,1,1,1,1,1
AC5,_1111905,5,A. hyacinthus,11,AhyaDavies14,Davies14,Davies,AC5_5_11,Ambient,1,1,1,1,1,1
AC5,_1111907,6,P. lutea,1,PlutMartin4,Martin4,Martin,AC5_6_1,Ambient,1,1,1,1,1,1
AC5,_1111907,6,P. lutea,2,PlutWood13,Wood13,Wood,AC5_6_2,Ambient,1,1,1,1,1,1
AC5,_1111907,6,P. lutea,3,PlutPalms17,Palms17,Palms,AC5_6_3,Ambient,1,1,1,1,1,1
AC5,_1111907,6,P. lutea,4,PlutPalms1,Palms1,Palms,AC5_6_4,Ambient,1,1,1,1,1,1
AC5,_1111907,6,P. lutea,5,PlutMartin32,Martin32,Martin,AC5_6_5,Ambient,1,1,1,1,1,1
AC5,_1111907,6,P. lutea,6,NA,NA,NA,AC5_6_6,Ambient,NA,NA,NA,NA,NA,NA
AC5,_1111907,6,P. lutea,7,PlutArlington16,Arlington16,Arlington,AC5_6_7,Ambient,1,1,1,1,1,1
AC5,_1111907,6,P. lutea,8,PlutArlington19,Arlington19,Arlington,AC5_6_8,Ambient,1,1,1,1,1,1
AC5,_1111907,6,P. lutea,9,PlutDavies10,Davies10,Davies,AC5_6_9,Ambient,1,1,1,1,1,1
AC5,_1111907,6,P. lutea,10,PlutDavies9,Davies9,Davies,AC5_6_10,Ambient,1,1,1,1,1,1
AC5,_1111907,6,P. lutea,11,NA,NA,NA,AC5_6_11,Ambient,NA,NA,NA,NA,NA,NA
AC6,_1111908,1,A. hyacinthus,1,AhyaPalms6,Palms6,Palms,AC6_1_1,Ambient,1,1,1,1,1,1
AC6,_1111908,1,A. hyacinthus,2,AhyaWood5A,Wood5A,Wood,AC6_1_2,Ambient,1,1,1,1,1,1
AC6,_1111908,1,A. hyacinthus,3,AhyaPalms4,Palms4,Palms,AC6_1_3,Ambient,1,1,1,1,1,1
AC6,_1111908,1,A. hyacinthus,4,AhyaWood8,Wood8,Wood,AC6_1_4,Ambient,1,1,1,1,1,1
AC6,_1111908,1,A. hyacinthus,5,AhyaMartin12,Martin12,Martin,AC6_1_5,Ambient,1,1,1,1,1,1
AC6,_1111908,1,A. hyacinthus,6,AhyaWood7A,Wood7A,Wood,AC6_1_6,Ambient,1,1,1,1,1,1
AC6,_1111908,1,A. hyacinthus,7,NA,NA,NA,AC6_1_7,Ambient,NA,NA,NA,NA,NA,NA
AC6,_1111908,1,A. hyacinthus,8,AhyaWood17,Wood17,Wood,AC6_1_8,Ambient,1,1,1,1,1,1
AC6,_1111908,1,A. hyacinthus,9,AhyaMartin13,Martin13,Martin,AC6_1_9,Ambient,1,1,1,1,1,1
AC6,_1111908,1,A. hyacinthus,10,AhyaArlington6,Arlington6,Arlington,AC6_1_10,Ambient,1,1,1,1,1,1
AC6,_1111908,1,A. hyacinthus,11,AhyaArlington8,Arlington8,Arlington,AC6_1_11,Ambient,1,1,1,1,1,1
AC6,_1111910,2,P. lutea,1,PlutMartin4,Martin4,Martin,AC6_2_1,Ambient,1,1,1,1,1,1
AC6,_1111910,2,P. lutea,2,PlutMartin36,Martin36,Martin,AC6_2_2,Ambient,1,1,1,1,1,1
AC6,_1111910,2,P. lutea,3,PlutWood13,Wood13,Wood,AC6_2_3,Ambient,1,1,1,1,1,1
AC6,_1111910,2,P. lutea,4,PlutWood14,Wood14,Wood,AC6_2_4,Ambient,1,1,1,1,1,1
AC6,_1111910,2,P. lutea,5,PlutArlington12,Arlington12,Arlington,AC6_2_5,Ambient,1,1,1,1,1,1
AC6,_1111910,2,P. lutea,6,PlutWood6,Wood6,Wood,AC6_2_6,Ambient,1,1,1,1,1,1
AC6,_1111910,2,P. lutea,7,PlutArlington16,Arlington16,Arlington,AC6_2_7,Ambient,1,1,1,1,1,1
AC6,_1111910,2,P. lutea,8,PlutWood20,Wood20,Wood,AC6_2_8,Ambient,1,1,1,1,1,1
AC6,_1111910,2,P. lutea,9,PlutMartin14,Martin14,Martin,AC6_2_9,Ambient,1,1,1,1,1,1
AC6,_1111910,2,P. lutea,10,PlutPalms3,Palms3,Palms,AC6_2_10,Ambient,1,1,1,1,1,1
AC6,_1111910,2,P. lutea,11,PlutDavies7,Davies7,Davies,AC6_2_11,Ambient,1,1,1,1,1,1
AC6,_1111911,3,A. hyacinthus,1,NA,NA,NA,AC6_3_1,Ambient,NA,NA,NA,NA,NA,NA
AC6,_1111911,3,A. hyacinthus,2,AhyaArlington1,Arlington1,Arlington,AC6_3_2,Ambient,1,1,1,1,1,1
AC6,_1111911,3,A. hyacinthus,3,AhyaArlington11,Arlington11,Arlington,AC6_3_3,Ambient,1,1,1,1,1,1
AC6,_1111911,3,A. hyacinthus,4,AhyaPalms5,Palms5,Palms,AC6_3_4,Ambient,1,1,1,1,1,1
AC6,_1111911,3,A. hyacinthus,5,NA,NA,NA,AC6_3_5,Ambient,NA,NA,NA,NA,NA,NA
AC6,_1111911,3,A. hyacinthus,6,AhyaDavies9,Davies9,Davies,AC6_3_6,Ambient,1,1,1,1,1,1
AC6,_1111911,3,A. hyacinthus,7,AhyaMartin11,Martin11,Martin,AC6_3_7,Ambient,1,1,1,1,1,1
AC6,_1111911,3,A. hyacinthus,8,AhyaDavies14,Davies14,Davies,AC6_3_8,Ambient,1,1,1,1,1,1
AC6,_1111911,3,A. hyacinthus,9,AhyaArlington9,Arlington9,Arlington,AC6_3_9,Ambient,1,1,1,1,1,1
AC6,_1111911,3,A. hyacinthus,10,AhyaPalms3,Palms3,Palms,AC6_3_10,Ambient,1,1,1,1,1,1
AC6,_1111911,3,A. hyacinthus,11,AhyaDavies16,Davies16,Davies,AC6_3_11,Ambient,1,1,1,1,1,1
AC6,_1111913,4,P. lutea,1,PlutMartin18,Martin18,Martin,AC6_4_1,Ambient,1,1,1,1,1,1
AC6,_1111913,4,P. lutea,2,PlutDavies10,Davies10,Davies,AC6_4_2,Ambient,1,1,1,1,1,1
AC6,_1111913,4,P. lutea,3,PlutArlington1,Arlington1,Arlington,AC6_4_3,Ambient,1,1,1,1,1,1
AC6,_1111913,4,P. lutea,4,PlutArlington19,Arlington19,Arlington,AC6_4_4,Ambient,1,1,1,1,1,1
AC6,_1111913,4,P. lutea,5,PlutArlington6,Arlington6,Arlington,AC6_4_5,Ambient,1,1,1,1,1,1
AC6,_1111913,4,P. lutea,6,PlutPalms1,Palms1,Palms,AC6_4_6,Ambient,1,1,1,1,1,1
AC6,_1111913,4,P. lutea,7,PlutDavies3,Davies3,Davies,AC6_4_7,Ambient,1,1,1,1,1,1
AC6,_1111913,4,P. lutea,8,PlutPalms4,Palms4,Palms,AC6_4_8,Ambient,1,1,1,1,1,1
AC6,_1111913,4,P. lutea,9,NA,NA,NA,AC6_4_9,Ambient,NA,NA,NA,NA,NA,NA
AC6,_1111913,4,P. lutea,10,PlutDavies1,Davies1,Davies,AC6_4_10,Ambient,1,1,1,1,1,1
AC6,_1111913,4,P. lutea,11,PlutDavies18,Davies18,Davies,AC6_4_11,Ambient,1,1,1,1,1,1
AC6,_1111914,5,A. hyacinthus,1,AhyaMartin17,Martin17,Martin,AC6_5_1,Ambient,1,1,1,1,1,1
AC6,_1111914,5,A. hyacinthus,2,AhyaPalms10,Palms10,Palms,AC6_5_2,Ambient,1,1,1,1,1,1
AC6,_1111914,5,A. hyacinthus,3,NA,NA,NA,AC6_5_3,Ambient,NA,NA,NA,NA,NA,NA
AC6,_1111914,5,A. hyacinthus,4,AhyaDavies12,Davies12,Davies,AC6_5_4,Ambient,1,1,1,1,1,1
AC6,_1111914,5,A. hyacinthus,5,AhyaArlington10,Arlington10,Arlington,AC6_5_5,Ambient,1,1,1,1,1,1
AC6,_1111914,5,A. hyacinthus,6,AhyaDavies18,Davies18,Davies,AC6_5_6,Ambient,1,1,1,1,1,1
AC6,_1111914,5,A. hyacinthus,7,AhyaWood16,Wood16,Wood,AC6_5_7,Ambient,1,1,1,1,1,1
AC6,_1111914,5,A. hyacinthus,8,AhyaDavies15,Davies15,Davies,AC6_5_8,Ambient,1,1,1,1,1,1
AC6,_1111914,5,A. hyacinthus,9,NA,NA,NA,AC6_5_9,Ambient,NA,NA,NA,NA,NA,NA
AC6,_1111914,5,A. hyacinthus,10,AhyaPalms16,Palms16,Palms,AC6_5_10,Ambient,1,1,1,1,1,1
AC6,_1111914,5,A. hyacinthus,11,AhyaMartin3,Martin3,Martin,AC6_5_11,Ambient,1,1,1,1,1,1
AC6,_1111916,6,P. lutea,1,PlutWood4,Wood4,Wood,AC6_6_1,Ambient,1,1,1,1,1,1
AC6,_1111916,6,P. lutea,2,PlutMartin32,Martin32,Martin,AC6_6_2,Ambient,1,1,1,1,1,1
AC6,_1111916,6,P. lutea,3,PlutMartin19,Martin19,Martin,AC6_6_3,Ambient,1,1,1,1,1,1
AC6,_1111916,6,P. lutea,4,NA,NA,NA,AC6_6_4,Ambient,NA,NA,NA,NA,NA,NA
AC6,_1111916,6,P. lutea,5,PlutArlington9,Arlington9,Arlington,AC6_6_5,Ambient,1,1,1,1,1,1
AC6,_1111916,6,P. lutea,6,PlutDavies9,Davies9,Davies,AC6_6_6,Ambient,1,1,1,1,1,1
AC6,_1111916,6,P. lutea,7,PlutPalms23,Palms23,Palms,AC6_6_7,Ambient,1,1,1,1,1,1
AC6,_1111916,6,P. lutea,8,PlutPalms20,Palms20,Palms,AC6_6_8,Ambient,1,1,1,1,1,1
AC6,_1111916,6,P. lutea,9,PlutPalms17,Palms17,Palms,AC6_6_9,Ambient,1,1,1,1,1,1
AC6,_1111916,6,P. lutea,10,NA,NA,NA,AC6_6_10,Ambient,NA,NA,NA,NA,NA,NA
AC6,_1111916,6,P. lutea,11,PlutWood29,Wood29,Wood,AC6_6_11,Ambient,1,1,1,1,1,1
AR1,_1111818,1,A. hyacinthus,1,AhyaPalms4,Palms4,Palms,AR1_1_1,Hot,1,1,1,1,1,1
AR1,_1111818,1,A. hyacinthus,2,AhyaDavies16,Davies16,Davies,AR1_1_2,Hot,1,1,1,1,1,1
AR1,_1111818,1,A. hyacinthus,3,AhyaPalms16,Palms16,Palms,AR1_1_3,Hot,1,1,1,1,1,1
AR1,_1111818,1,A. hyacinthus,4,AhyaArlington11,Arlington11,Arlington,AR1_1_4,Hot,1,1,1,1,1,1
AR1,_1111818,1,A. hyacinthus,5,AhyaPalms6,Palms6,Palms,AR1_1_5,Hot,1,0,0,0,0,0
AR1,_1111818,1,A. hyacinthus,6,AhyaMartin12,Martin12,Martin,AR1_1_6,Hot,1,1,1,1,1,1
AR1,_1111818,1,A. hyacinthus,7,AhyaArlington9,Arlington9,Arlington,AR1_1_7,Hot,1,1,1,1,0,0
AR1,_1111818,1,A. hyacinthus,8,AhyaPalms10,Palms10,Palms,AR1_1_8,Hot,1,1,1,1,1,1
AR1,_1111818,1,A. hyacinthus,9,AhyaArlington10,Arlington10,Arlington,AR1_1_9,Hot,1,1,1,1,0,0
AR1,_1111818,1,A. hyacinthus,10,AhyaWood17,Wood17,Wood,AR1_1_10,Hot,1,1,1,1,1,1
AR1,_1111818,1,A. hyacinthus,11,AhyaWood5A,Wood5A,Wood,AR1_1_11,Hot,1,1,1,0,0,0
AR1,_1111820,2,P. lutea,1,PlutMartin19,Martin19,Martin,AR1_2_1,Hot,1,1,1,1,1,1
AR1,_1111820,2,P. lutea,2,NA,NA,NA,AR1_2_2,Hot,NA,NA,NA,NA,NA,NA
AR1,_1111820,2,P. lutea,3,PlutPalms1,Palms1,Palms,AR1_2_3,Hot,1,1,1,1,1,1
AR1,_1111820,2,P. lutea,4,PlutPalms23,Palms23,Palms,AR1_2_4,Hot,1,1,1,1,1,1
AR1,_1111820,2,P. lutea,5,PlutWood6,Wood6,Wood,AR1_2_5,Hot,1,1,1,1,1,1
AR1,_1111820,2,P. lutea,6,PlutDavies18,Davies18,Davies,AR1_2_6,Hot,1,1,1,1,1,1
AR1,_1111820,2,P. lutea,7,PlutDavies1,Davies1,Davies,AR1_2_7,Hot,1,1,1,1,1,1
AR1,_1111820,2,P. lutea,8,PlutWood13,Wood13,Wood,AR1_2_8,Hot,1,1,1,1,1,1
AR1,_1111820,2,P. lutea,9,PlutArlington6,Arlington6,Arlington,AR1_2_9,Hot,1,1,1,1,1,1
AR1,_1111820,2,P. lutea,10,NA,NA,NA,AR1_2_10,Hot,NA,NA,NA,NA,NA,NA
AR1,_1111820,2,P. lutea,11,PlutPalms4,Palms4,Palms,AR1_2_11,Hot,1,1,1,1,1,1
AR1,_1111821,3,A. hyacinthus,1,AhyaMartin3,Martin3,Martin,AR1_3_1,Hot,1,1,1,0,0,0
AR1,_1111821,3,A. hyacinthus,2,AhyaWood8,Wood8,Wood,AR1_3_2,Hot,1,1,1,1,1,1
AR1,_1111821,3,A. hyacinthus,3,NA,NA,NA,AR1_3_3,Hot,NA,NA,NA,NA,NA,NA
AR1,_1111821,3,A. hyacinthus,4,AhyaPalms5,Palms5,Palms,AR1_3_4,Hot,1,1,1,1,1,1
AR1,_1111821,3,A. hyacinthus,5,AhyaPalms3,Palms3,Palms,AR1_3_5,Hot,1,1,1,1,1,1
AR1,_1111821,3,A. hyacinthus,6,AhyaDavies15,Davies15,Davies,AR1_3_6,Hot,1,1,1,0,0,0
AR1,_1111821,3,A. hyacinthus,7,NA,NA,NA,AR1_3_7,Hot,NA,NA,NA,NA,NA,NA
AR1,_1111821,3,A. hyacinthus,8,AhyaMartin17,Martin17,Martin,AR1_3_8,Hot,1,1,1,1,1,1
AR1,_1111821,3,A. hyacinthus,9,AhyaMartin13,Martin13,Martin,AR1_3_9,Hot,1,1,1,1,1,1
AR1,_1111821,3,A. hyacinthus,10,AhyaMartin11,Martin11,Martin,AR1_3_10,Hot,1,1,1,1,1,1
AR1,_1111821,3,A. hyacinthus,11,AhyaArlington6,Arlington6,Arlington,AR1_3_11,Hot,1,1,1,1,1,1
AR1,_1111823,4,P. lutea,1,PlutPalms3,Palms3,Palms,AR1_4_1,Hot,1,1,1,1,1,1
AR1,_1111823,4,P. lutea,2,PlutWood29,Wood29,Wood,AR1_4_2,Hot,1,1,1,1,1,1
AR1,_1111823,4,P. lutea,3,PlutArlington19,Arlington19,Arlington,AR1_4_3,Hot,1,1,1,1,1,1
AR1,_1111823,4,P. lutea,4,PlutArlington9,Arlington9,Arlington,AR1_4_4,Hot,1,1,1,1,1,1
AR1,_1111823,4,P. lutea,5,PlutPalms17,Palms17,Palms,AR1_4_5,Hot,1,1,1,1,1,1
AR1,_1111823,4,P. lutea,6,PlutWood14,Wood14,Wood,AR1_4_6,Hot,1,1,1,1,1,1
AR1,_1111823,4,P. lutea,7,PlutWood4,Wood4,Wood,AR1_4_7,Hot,1,1,1,1,1,1
AR1,_1111823,4,P. lutea,8,PlutArlington12,Arlington12,Arlington,AR1_4_8,Hot,1,1,1,1,1,1
AR1,_1111823,4,P. lutea,9,PlutDavies7,Davies7,Davies,AR1_4_9,Hot,1,1,1,1,1,1
AR1,_1111823,4,P. lutea,10,PlutDavies9,Davies9,Davies,AR1_4_10,Hot,1,1,1,1,1,1
AR1,_1111823,4,P. lutea,11,PlutMartin4,Martin4,Martin,AR1_4_11,Hot,1,1,1,1,1,1
AR1,_1111824,5,A. hyacinthus,1,AhyaDavies12,Davies12,Davies,AR1_5_1,Hot,1,1,1,1,1,1
AR1,_1111824,5,A. hyacinthus,2,NA,NA,NA,AR1_5_2,Hot,NA,NA,NA,NA,NA,NA
AR1,_1111824,5,A. hyacinthus,3,AhyaDavies18,Davies18,Davies,AR1_5_3,Hot,1,1,1,1,0,0
AR1,_1111824,5,A. hyacinthus,4,AhyaDavies9,Davies9,Davies,AR1_5_4,Hot,1,1,1,1,1,1
AR1,_1111824,5,A. hyacinthus,5,NA,NA,NA,AR1_5_5,Hot,NA,NA,NA,NA,NA,NA
AR1,_1111824,5,A. hyacinthus,6,NA,NA,NA,AR1_5_6,Hot,NA,NA,NA,NA,NA,NA
AR1,_1111824,5,A. hyacinthus,7,AhyaArlington1,Arlington1,Arlington,AR1_5_7,Hot,1,1,1,1,1,1
AR1,_1111824,5,A. hyacinthus,8,AhyaWood16,Wood16,Wood,AR1_5_8,Hot,1,1,1,1,1,1
AR1,_1111824,5,A. hyacinthus,9,AhyaDavies14,Davies14,Davies,AR1_5_9,Hot,1,1,1,1,1,1
AR1,_1111824,5,A. hyacinthus,10,AhyaWood7A,Wood7A,Wood,AR1_5_10,Hot,1,1,1,1,1,1
AR1,_1111824,5,A. hyacinthus,11,AhyaArlington8,Arlington8,Arlington,AR1_5_11,Hot,1,1,1,1,1,1
AR1,_1111826,6,P. lutea,1,PlutArlington16,Arlington16,Arlington,AR1_6_1,Hot,1,1,1,1,1,1
AR1,_1111826,6,P. lutea,2,PlutArlington1,Arlington1,Arlington,AR1_6_2,Hot,1,1,1,1,1,1
AR1,_1111826,6,P. lutea,3,PlutMartin36,Martin36,Martin,AR1_6_3,Hot,1,1,1,1,1,1
AR1,_1111826,6,P. lutea,4,PlutDavies3,Davies3,Davies,AR1_6_4,Hot,1,1,1,1,1,1
AR1,_1111826,6,P. lutea,5,PlutMartin14,Martin14,Martin,AR1_6_5,Hot,1,1,1,1,1,1
AR1,_1111826,6,P. lutea,6,PlutMartin18,Martin18,Martin,AR1_6_6,Hot,1,1,1,1,1,1
AR1,_1111826,6,P. lutea,7,PlutWood20,Wood20,Wood,AR1_6_7,Hot,1,1,1,1,1,1
AR1,_1111826,6,P. lutea,8,PlutMartin32,Martin32,Martin,AR1_6_8,Hot,1,1,1,1,1,1
AR1,_1111826,6,P. lutea,9,NA,NA,NA,AR1_6_9,Hot,NA,NA,NA,NA,NA,NA
AR1,_1111826,6,P. lutea,10,PlutDavies10,Davies10,Davies,AR1_6_10,Hot,1,1,1,1,1,1
AR1,_1111826,6,P. lutea,11,PlutPalms20,Palms20,Palms,AR1_6_11,Hot,1,1,1,1,1,1
AR2,_1111827,1,A. hyacinthus,1,AhyaArlington11,Arlington11,Arlington,AR2_1_1,Hot,1,1,1,1,1,1
AR2,_1111827,1,A. hyacinthus,2,AhyaDavies12,Davies12,Davies,AR2_1_2,Hot,1,1,1,1,1,1
AR2,_1111827,1,A. hyacinthus,3,AhyaMartin11,Martin11,Martin,AR2_1_3,Hot,1,1,1,1,1,1
AR2,_1111827,1,A. hyacinthus,4,AhyaWood8,Wood8,Wood,AR2_1_4,Hot,1,1,1,1,1,1
AR2,_1111827,1,A. hyacinthus,5,AhyaWood5A,Wood5A,Wood,AR2_1_5,Hot,1,1,1,1,1,1
AR2,_1111827,1,A. hyacinthus,6,AhyaArlington6,Arlington6,Arlington,AR2_1_6,Hot,1,1,1,1,1,1
AR2,_1111827,1,A. hyacinthus,7,AhyaDavies18,Davies18,Davies,AR2_1_7,Hot,1,1,1,1,0,0
AR2,_1111827,1,A. hyacinthus,8,AhyaMartin13,Martin13,Martin,AR2_1_8,Hot,1,1,1,1,1,1
AR2,_1111827,1,A. hyacinthus,9,AhyaDavies16,Davies16,Davies,AR2_1_9,Hot,1,1,1,1,1,1
AR2,_1111827,1,A. hyacinthus,10,AhyaDavies9,Davies9,Davies,AR2_1_10,Hot,1,1,1,1,0,0
AR2,_1111827,1,A. hyacinthus,11,AhyaPalms6,Palms6,Palms,AR2_1_11,Hot,1,1,1,0,0,0
AR2,_1111829,2,P. lutea,1,NA,NA,NA,AR2_2_1,Hot,NA,NA,NA,NA,NA,NA
AR2,_1111829,2,P. lutea,2,PlutArlington1,Arlington1,Arlington,AR2_2_2,Hot,1,1,1,1,1,1
AR2,_1111829,2,P. lutea,3,PlutMartin14,Martin14,Martin,AR2_2_3,Hot,1,1,1,1,1,1
AR2,_1111829,2,P. lutea,4,PlutDavies10,Davies10,Davies,AR2_2_4,Hot,1,1,1,1,1,1
AR2,_1111829,2,P. lutea,5,PlutWood13,Wood13,Wood,AR2_2_5,Hot,1,1,1,1,1,1
AR2,_1111829,2,P. lutea,6,PlutDavies3,Davies3,Davies,AR2_2_6,Hot,1,1,1,1,1,1
AR2,_1111829,2,P. lutea,7,PlutWood20,Wood20,Wood,AR2_2_7,Hot,1,1,1,1,1,1
AR2,_1111829,2,P. lutea,8,PlutDavies7,Davies7,Davies,AR2_2_8,Hot,1,1,1,1,1,1
AR2,_1111829,2,P. lutea,9,PlutDavies9,Davies9,Davies,AR2_2_9,Hot,1,1,1,1,1,1
AR2,_1111829,2,P. lutea,10,PlutDavies1,Davies1,Davies,AR2_2_10,Hot,1,1,1,1,1,1
AR2,_1111829,2,P. lutea,11,PlutPalms1,Palms1,Palms,AR2_2_11,Hot,1,1,1,1,1,1
AR2,_1111830,3,A. hyacinthus,1,NA,NA,NA,AR2_3_1,Hot,NA,NA,NA,NA,NA,NA
AR2,_1111830,3,A. hyacinthus,2,AhyaPalms10,Palms10,Palms,AR2_3_2,Hot,1,1,1,1,1,1
AR2,_1111830,3,A. hyacinthus,3,NA,NA,NA,AR2_3_3,Hot,NA,NA,NA,NA,NA,NA
AR2,_1111830,3,A. hyacinthus,4,AhyaDavies15,Davies15,Davies,AR2_3_4,Hot,1,1,1,0,0,0
AR2,_1111830,3,A. hyacinthus,5,AhyaWood17,Wood17,Wood,AR2_3_5,Hot,1,1,1,1,1,1
AR2,_1111830,3,A. hyacinthus,6,AhyaPalms5,Palms5,Palms,AR2_3_6,Hot,1,1,1,1,1,1
AR2,_1111830,3,A. hyacinthus,7,NA,NA,NA,AR2_3_7,Hot,NA,NA,NA,NA,NA,NA
AR2,_1111830,3,A. hyacinthus,8,AhyaWood7A,Wood7A,Wood,AR2_3_8,Hot,1,1,1,1,1,1
AR2,_1111830,3,A. hyacinthus,9,AhyaArlington8,Arlington8,Arlington,AR2_3_9,Hot,1,1,1,0,0,0
AR2,_1111830,3,A. hyacinthus,10,AhyaMartin12,Martin12,Martin,AR2_3_10,Hot,1,1,1,1,1,1
AR2,_1111830,3,A. hyacinthus,11,AhyaArlington10,Arlington10,Arlington,AR2_3_11,Hot,1,1,1,1,0,0
AR2,_1111832,4,P. lutea,1,PlutArlington16,Arlington16,Arlington,AR2_4_1,Hot,1,1,1,1,1,1
AR2,_1111832,4,P. lutea,2,PlutMartin18,Martin18,Martin,AR2_4_2,Hot,1,1,1,1,1,1
AR2,_1111832,4,P. lutea,3,NA,NA,NA,AR2_4_3,Hot,NA,NA,NA,NA,NA,NA
AR2,_1111832,4,P. lutea,4,PlutWood4,Wood4,Wood,AR2_4_4,Hot,1,1,1,1,1,1
AR2,_1111832,4,P. lutea,5,PlutPalms3,Palms3,Palms,AR2_4_5,Hot,1,1,1,1,1,1
AR2,_1111832,4,P. lutea,6,PlutDavies18,Davies18,Davies,AR2_4_6,Hot,1,1,1,1,1,1
AR2,_1111832,4,P. lutea,7,PlutPalms17,Palms17,Palms,AR2_4_7,Hot,1,1,1,1,1,1
AR2,_1111832,4,P. lutea,8,PlutArlington12,Arlington12,Arlington,AR2_4_8,Hot,1,1,1,1,1,1
AR2,_1111832,4,P. lutea,9,PlutMartin19,Martin19,Martin,AR2_4_9,Hot,1,1,1,1,1,1
AR2,_1111832,4,P. lutea,10,PlutPalms20,Palms20,Palms,AR2_4_10,Hot,1,1,1,1,1,1
AR2,_1111832,4,P. lutea,11,PlutWood29,Wood29,Wood,AR2_4_11,Hot,1,1,1,1,1,1
AR2,_1111833,5,A. hyacinthus,1,AhyaWood16,Wood16,Wood,AR2_5_1,Hot,1,1,1,1,1,1
AR2,_1111833,5,A. hyacinthus,2,AhyaArlington1,Arlington1,Arlington,AR2_5_2,Hot,1,1,1,1,1,1
AR2,_1111833,5,A. hyacinthus,3,NA,NA,NA,AR2_5_3,Hot,NA,NA,NA,NA,NA,NA
AR2,_1111833,5,A. hyacinthus,4,AhyaPalms4,Palms4,Palms,AR2_5_4,Hot,1,1,1,1,1,1
AR2,_1111833,5,A. hyacinthus,5,AhyaPalms3,Palms3,Palms,AR2_5_5,Hot,1,1,1,1,1,1
AR2,_1111833,5,A. hyacinthus,6,AhyaMartin3,Martin3,Martin,AR2_5_6,Hot,1,1,1,1,1,1
AR2,_1111833,5,A. hyacinthus,7,AhyaArlington9,Arlington9,Arlington,AR2_5_7,Hot,1,1,1,1,1,1
AR2,_1111833,5,A. hyacinthus,8,AhyaMartin17,Martin17,Martin,AR2_5_8,Hot,1,1,1,1,1,1
AR2,_1111833,5,A. hyacinthus,9,NA,NA,NA,AR2_5_9,Hot,NA,NA,NA,NA,NA,NA
AR2,_1111833,5,A. hyacinthus,10,AhyaDavies14,Davies14,Davies,AR2_5_10,Hot,1,1,1,1,1,1
AR2,_1111833,5,A. hyacinthus,11,AhyaPalms16,Palms16,Palms,AR2_5_11,Hot,1,1,1,1,1,1
AR2,_1111835,6,P. lutea,1,NA,NA,NA,AR2_6_1,Hot,NA,NA,NA,NA,NA,NA
AR2,_1111835,6,P. lutea,2,PlutPalms4,Palms4,Palms,AR2_6_2,Hot,1,1,1,1,1,1
AR2,_1111835,6,P. lutea,3,PlutMartin32,Martin32,Martin,AR2_6_3,Hot,1,1,1,1,1,1
AR2,_1111835,6,P. lutea,4,PlutMartin4,Martin4,Martin,AR2_6_4,Hot,1,1,1,1,1,1
AR2,_1111835,6,P. lutea,5,PlutArlington9,Arlington9,Arlington,AR2_6_5,Hot,1,1,1,1,1,1
AR2,_1111835,6,P. lutea,6,PlutMartin36,Martin36,Martin,AR2_6_6,Hot,1,1,1,1,1,1
AR2,_1111835,6,P. lutea,7,NA,NA,NA,AR2_6_7,Hot,NA,NA,NA,NA,NA,NA
AR2,_1111835,6,P. lutea,8,PlutWood14,Wood14,Wood,AR2_6_8,Hot,1,1,1,1,1,1
AR2,_1111835,6,P. lutea,9,PlutPalms23,Palms23,Palms,AR2_6_9,Hot,1,1,1,1,1,1
AR2,_1111835,6,P. lutea,10,PlutArlington6,Arlington6,Arlington,AR2_6_10,Hot,1,1,1,1,1,1
AR2,_1111835,6,P. lutea,11,PlutArlington19,Arlington19,Arlington,AR2_6_11,Hot,1,1,1,1,1,1
AR3,_1111845,1,A. hyacinthus,1,AhyaWood16,Wood16,Wood,AR3_1_1,Hot,1,1,1,1,1,1
AR3,_1111845,1,A. hyacinthus,2,AhyaWood5A,Wood5A,Wood,AR3_1_2,Hot,1,1,1,1,1,1
AR3,_1111845,1,A. hyacinthus,3,NA,NA,NA,AR3_1_3,Hot,NA,NA,NA,NA,NA,NA
AR3,_1111845,1,A. hyacinthus,4,AhyaMartin3,Martin3,Martin,AR3_1_4,Hot,1,1,1,1,1,1
AR3,_1111845,1,A. hyacinthus,5,AhyaWood17,Wood17,Wood,AR3_1_5,Hot,1,1,1,1,1,1
AR3,_1111845,1,A. hyacinthus,6,AhyaPalms4,Palms4,Palms,AR3_1_6,Hot,1,1,1,1,1,1
AR3,_1111845,1,A. hyacinthus,7,AhyaArlington6,Arlington6,Arlington,AR3_1_7,Hot,1,1,1,1,1,1
AR3,_1111845,1,A. hyacinthus,8,AhyaPalms5,Palms5,Palms,AR3_1_8,Hot,1,1,1,1,1,1
AR3,_1111845,1,A. hyacinthus,9,AhyaMartin13,Martin13,Martin,AR3_1_9,Hot,1,1,1,1,1,1
AR3,_1111845,1,A. hyacinthus,10,NA,NA,NA,AR3_1_10,Hot,NA,NA,NA,NA,NA,NA
AR3,_1111845,1,A. hyacinthus,11,AhyaDavies14,Davies14,Davies,AR3_1_11,Hot,1,0,0,0,0,0
AR3,_1111847,2,P. lutea,1,PlutDavies10,Davies10,Davies,AR3_2_1,Hot,1,1,1,1,1,1
AR3,_1111847,2,P. lutea,2,PlutWood14,Wood14,Wood,AR3_2_2,Hot,1,1,1,1,1,1
AR3,_1111847,2,P. lutea,3,PlutPalms3,Palms3,Palms,AR3_2_3,Hot,1,1,1,1,1,1
AR3,_1111847,2,P. lutea,4,PlutArlington6,Arlington6,Arlington,AR3_2_4,Hot,1,1,1,1,1,1
AR3,_1111847,2,P. lutea,5,PlutArlington1,Arlington1,Arlington,AR3_2_5,Hot,1,1,1,1,1,1
AR3,_1111847,2,P. lutea,6,PlutDavies18,Davies18,Davies,AR3_2_6,Hot,1,1,1,1,1,1
AR3,_1111847,2,P. lutea,7,PlutDavies3,Davies3,Davies,AR3_2_7,Hot,1,1,1,1,1,1
AR3,_1111847,2,P. lutea,8,PlutDavies9,Davies9,Davies,AR3_2_8,Hot,1,1,1,1,1,1
AR3,_1111847,2,P. lutea,9,PlutMartin19,Martin19,Martin,AR3_2_9,Hot,1,1,1,1,1,1
AR3,_1111847,2,P. lutea,10,PlutArlington9,Arlington9,Arlington,AR3_2_10,Hot,1,1,1,1,1,1
AR3,_1111847,2,P. lutea,11,PlutWood29,Wood29,Wood,AR3_2_11,Hot,1,1,1,1,1,1
AR3,_1111848,3,A. hyacinthus,1,AhyaArlington11,Arlington11,Arlington,AR3_3_1,Hot,1,1,1,1,1,1
AR3,_1111848,3,A. hyacinthus,2,AhyaDavies15,Davies15,Davies,AR3_3_2,Hot,1,1,1,1,0,0
AR3,_1111848,3,A. hyacinthus,3,NA,NA,NA,AR3_3_3,Hot,NA,NA,NA,NA,NA,NA
AR3,_1111848,3,A. hyacinthus,4,AhyaWood8,Wood8,Wood,AR3_3_4,Hot,1,1,1,1,1,1
AR3,_1111848,3,A. hyacinthus,5,NA,NA,NA,AR3_3_5,Hot,NA,NA,NA,NA,NA,NA
AR3,_1111848,3,A. hyacinthus,6,AhyaPalms10,Palms10,Palms,AR3_3_6,Hot,1,1,1,1,1,1
AR3,_1111848,3,A. hyacinthus,7,AhyaPalms3,Palms3,Palms,AR3_3_7,Hot,1,1,1,1,1,1
AR3,_1111848,3,A. hyacinthus,8,AhyaArlington1,Arlington1,Arlington,AR3_3_8,Hot,1,1,1,1,1,1
AR3,_1111848,3,A. hyacinthus,9,AhyaMartin12,Martin12,Martin,AR3_3_9,Hot,1,1,1,1,1,1
AR3,_1111848,3,A. hyacinthus,10,AhyaDavies12,Davies12,Davies,AR3_3_10,Hot,1,1,1,1,1,1
AR3,_1111848,3,A. hyacinthus,11,AhyaDavies9,Davies9,Davies,AR3_3_11,Hot,1,1,1,1,1,1
AR3,_1111850,4,P. lutea,1,PlutWood13,Wood13,Wood,AR3_4_1,Hot,1,1,1,1,1,1
AR3,_1111850,4,P. lutea,2,PlutMartin14,Martin14,Martin,AR3_4_2,Hot,1,1,1,1,1,1
AR3,_1111850,4,P. lutea,3,PlutDavies7,Davies7,Davies,AR3_4_3,Hot,1,1,1,1,1,1
AR3,_1111850,4,P. lutea,4,PlutArlington16,Arlington16,Arlington,AR3_4_4,Hot,1,1,1,1,1,1
AR3,_1111850,4,P. lutea,5,NA,NA,NA,AR3_4_5,Hot,NA,NA,NA,NA,NA,NA
AR3,_1111850,4,P. lutea,6,PlutPalms23,Palms23,Palms,AR3_4_6,Hot,1,1,1,1,1,1
AR3,_1111850,4,P. lutea,7,PlutMartin36,Martin36,Martin,AR3_4_7,Hot,1,1,1,1,1,1
AR3,_1111850,4,P. lutea,8,PlutMartin18,Martin18,Martin,AR3_4_8,Hot,1,1,1,1,1,1
AR3,_1111850,4,P. lutea,9,PlutArlington12,Arlington12,Arlington,AR3_4_9,Hot,1,1,1,1,1,1
AR3,_1111850,4,P. lutea,10,PlutPalms17,Palms17,Palms,AR3_4_10,Hot,1,1,1,1,1,1
AR3,_1111850,4,P. lutea,11,PlutWood20,Wood20,Wood,AR3_4_11,Hot,1,1,1,1,1,1
AR3,_1111851,5,A. hyacinthus,1,AhyaMartin11,Martin11,Martin,AR3_5_1,Hot,1,1,1,1,1,1
AR3,_1111851,5,A. hyacinthus,2,NA,NA,NA,AR3_5_2,Hot,NA,NA,NA,NA,NA,NA
AR3,_1111851,5,A. hyacinthus,3,AhyaArlington9,Arlington9,Arlington,AR3_5_3,Hot,1,1,1,1,1,1
AR3,_1111851,5,A. hyacinthus,4,AhyaPalms16,Palms16,Palms,AR3_5_4,Hot,1,1,1,1,1,1
AR3,_1111851,5,A. hyacinthus,5,AhyaDavies16,Davies16,Davies,AR3_5_5,Hot,1,1,1,1,1,1
AR3,_1111851,5,A. hyacinthus,6,AhyaWood7A,Wood7A,Wood,AR3_5_6,Hot,1,1,1,1,1,1
AR3,_1111851,5,A. hyacinthus,7,AhyaArlington10,Arlington10,Arlington,AR3_5_7,Hot,1,1,1,1,1,1
AR3,_1111851,5,A. hyacinthus,8,AhyaMartin17,Martin17,Martin,AR3_5_8,Hot,1,1,1,1,1,1
AR3,_1111851,5,A. hyacinthus,9,AhyaDavies18,Davies18,Davies,AR3_5_9,Hot,1,0,0,0,0,0
AR3,_1111851,5,A. hyacinthus,10,NA,NA,NA,AR3_5_10,Hot,NA,NA,NA,NA,NA,NA
AR3,_1111851,5,A. hyacinthus,11,AhyaArlington8,Arlington8,Arlington,AR3_5_11,Hot,1,0,0,0,0,0
AR3,_1111853,6,P. lutea,1,PlutWood4,Wood4,Wood,AR3_6_1,Hot,1,1,1,1,1,1
AR3,_1111853,6,P. lutea,2,NA,NA,NA,AR3_6_2,Hot,NA,NA,NA,NA,NA,NA
AR3,_1111853,6,P. lutea,3,PlutArlington19,Arlington19,Arlington,AR3_6_3,Hot,1,1,1,1,1,1
AR3,_1111853,6,P. lutea,4,PlutMartin32,Martin32,Martin,AR3_6_4,Hot,1,1,1,1,1,1
AR3,_1111853,6,P. lutea,5,PlutDavies1,Davies1,Davies,AR3_6_5,Hot,1,1,1,1,1,1
AR3,_1111853,6,P. lutea,6,NA,NA,NA,AR3_6_6,Hot,NA,NA,NA,NA,NA,NA
AR3,_1111853,6,P. lutea,7,PlutPalms1,Palms1,Palms,AR3_6_7,Hot,1,1,1,1,1,1
AR3,_1111853,6,P. lutea,8,PlutPalms20,Palms20,Palms,AR3_6_8,Hot,1,1,1,1,1,1
AR3,_1111853,6,P. lutea,9,PlutMartin4,Martin4,Martin,AR3_6_9,Hot,1,1,1,1,1,1
AR3,_1111853,6,P. lutea,10,PlutPalms4,Palms4,Palms,AR3_6_10,Hot,1,1,1,1,1,1
AR3,_1111853,6,P. lutea,11,NA,NA,NA,AR3_6_11,Hot,NA,NA,NA,NA,NA,NA
AR4,_1111854,1,A. hyacinthus,1,AhyaPalms10,Palms10,Palms,AR4_1_1,Hot,1,1,1,1,1,1
AR4,_1111854,1,A. hyacinthus,2,NA,NA,NA,AR4_1_2,Hot,NA,NA,NA,NA,NA,NA
AR4,_1111854,1,A. hyacinthus,3,AhyaArlington11,Arlington11,Arlington,AR4_1_3,Hot,1,1,1,1,1,1
AR4,_1111854,1,A. hyacinthus,4,AhyaDavies12,Davies12,Davies,AR4_1_4,Hot,1,1,1,1,1,1
AR4,_1111854,1,A. hyacinthus,5,AhyaArlington6,Arlington6,Arlington,AR4_1_5,Hot,1,1,1,1,1,1
AR4,_1111854,1,A. hyacinthus,6,AhyaPalms3,Palms3,Palms,AR4_1_6,Hot,1,1,1,1,1,1
AR4,_1111854,1,A. hyacinthus,7,AhyaWood8,Wood8,Wood,AR4_1_7,Hot,1,1,1,1,1,1
AR4,_1111854,1,A. hyacinthus,8,AhyaArlington8,Arlington8,Arlington,AR4_1_8,Hot,1,1,1,1,1,1
AR4,_1111854,1,A. hyacinthus,9,AhyaPalms4,Palms4,Palms,AR4_1_9,Hot,1,1,1,1,1,1
AR4,_1111854,1,A. hyacinthus,10,AhyaMartin11,Martin11,Martin,AR4_1_10,Hot,1,1,1,1,1,1
AR4,_1111854,1,A. hyacinthus,11,NA,NA,NA,AR4_1_11,Hot,NA,NA,NA,NA,NA,NA
AR4,_1111856,2,P. lutea,1,PlutPalms17,Palms17,Palms,AR4_2_1,Hot,1,1,1,1,1,1
AR4,_1111856,2,P. lutea,2,PlutWood13,Wood13,Wood,AR4_2_2,Hot,1,1,1,1,1,1
AR4,_1111856,2,P. lutea,3,PlutPalms1,Palms1,Palms,AR4_2_3,Hot,1,1,1,1,1,1
AR4,_1111856,2,P. lutea,4,PlutArlington6,Arlington6,Arlington,AR4_2_4,Hot,1,1,1,1,1,1
AR4,_1111856,2,P. lutea,5,PlutDavies9,Davies9,Davies,AR4_2_5,Hot,1,1,1,1,1,1
AR4,_1111856,2,P. lutea,6,PlutDavies18,Davies18,Davies,AR4_2_6,Hot,1,1,1,1,1,1
AR4,_1111856,2,P. lutea,7,PlutArlington12,Arlington12,Arlington,AR4_2_7,Hot,1,1,1,1,1,1
AR4,_1111856,2,P. lutea,8,PlutWood14,Wood14,Wood,AR4_2_8,Hot,1,1,1,1,1,1
AR4,_1111856,2,P. lutea,9,PlutDavies10,Davies10,Davies,AR4_2_9,Hot,1,1,1,1,1,1
AR4,_1111856,2,P. lutea,10,PlutArlington9,Arlington9,Arlington,AR4_2_10,Hot,1,1,1,1,1,1
AR4,_1111856,2,P. lutea,11,PlutWood29,Wood29,Wood,AR4_2_11,Hot,1,1,1,1,1,1
AR4,_1111857,3,A. hyacinthus,1,AhyaPalms5,Palms5,Palms,AR4_3_1,Hot,1,1,1,1,1,1
AR4,_1111857,3,A. hyacinthus,2,AhyaWood5A,Wood5A,Wood,AR4_3_2,Hot,1,1,1,1,0,0
AR4,_1111857,3,A. hyacinthus,3,NA,NA,NA,AR4_3_3,Hot,NA,NA,NA,NA,NA,NA
AR4,_1111857,3,A. hyacinthus,4,AhyaPalms6,Palms6,Palms,AR4_3_4,Hot,1,1,1,1,1,0
AR4,_1111857,3,A. hyacinthus,5,AhyaDavies15,Davies15,Davies,AR4_3_5,Hot,1,1,1,1,1,0
AR4,_1111857,3,A. hyacinthus,6,AhyaWood17,Wood17,Wood,AR4_3_6,Hot,1,1,1,1,1,1
AR4,_1111857,3,A. hyacinthus,7,AhyaDavies18,Davies18,Davies,AR4_3_7,Hot,1,1,1,1,1,0
AR4,_1111857,3,A. hyacinthus,8,AhyaMartin12,Martin12,Martin,AR4_3_8,Hot,1,1,1,1,1,1
AR4,_1111857,3,A. hyacinthus,9,AhyaMartin13,Martin13,Martin,AR4_3_9,Hot,1,1,1,1,1,1
AR4,_1111857,3,A. hyacinthus,10,AhyaDavies14,Davies14,Davies,AR4_3_10,Hot,1,1,1,1,1,1
AR4,_1111857,3,A. hyacinthus,11,AhyaArlington9,Arlington9,Arlington,AR4_3_11,Hot,1,1,1,1,1,1
AR4,_1111859,4,P. lutea,1,NA,NA,NA,AR4_4_1,Hot,NA,NA,NA,NA,NA,NA
AR4,_1111859,4,P. lutea,2,PlutPalms3,Palms3,Palms,AR4_4_2,Hot,1,1,1,1,1,1
AR4,_1111859,4,P. lutea,3,PlutArlington16,Arlington16,Arlington,AR4_4_3,Hot,1,1,1,1,1,1
AR4,_1111859,4,P. lutea,4,PlutDavies7,Davies7,Davies,AR4_4_4,Hot,1,1,1,1,1,1
AR4,_1111859,4,P. lutea,5,PlutMartin36,Martin36,Martin,AR4_4_5,Hot,1,1,1,1,1,1
AR4,_1111859,4,P. lutea,6,NA,NA,NA,AR4_4_6,Hot,NA,NA,NA,NA,NA,NA
AR4,_1111859,4,P. lutea,7,PlutWood4,Wood4,Wood,AR4_4_7,Hot,1,1,1,1,1,1
AR4,_1111859,4,P. lutea,8,PlutDavies3,Davies3,Davies,AR4_4_8,Hot,1,1,1,1,1,1
AR4,_1111859,4,P. lutea,9,PlutMartin4,Martin4,Martin,AR4_4_9,Hot,1,1,1,1,1,1
AR4,_1111859,4,P. lutea,10,NA,NA,NA,AR4_4_10,Hot,NA,NA,NA,NA,NA,NA
AR4,_1111859,4,P. lutea,11,PlutPalms4,Palms4,Palms,AR4_4_11,Hot,1,1,1,1,1,1
AR4,_1111860,5,A. hyacinthus,1,AhyaMartin3,Martin3,Martin,AR4_5_1,Hot,1,1,1,1,1,1
AR4,_1111860,5,A. hyacinthus,2,NA,NA,NA,AR4_5_2,Hot,NA,NA,NA,NA,NA,NA
AR4,_1111860,5,A. hyacinthus,3,AhyaWood7A,Wood7A,Wood,AR4_5_3,Hot,1,1,1,1,1,1
AR4,_1111860,5,A. hyacinthus,4,AhyaDavies16,Davies16,Davies,AR4_5_4,Hot,1,1,1,1,1,1
AR4,_1111860,5,A. hyacinthus,5,AhyaMartin17,Martin17,Martin,AR4_5_5,Hot,1,1,1,1,1,1
AR4,_1111860,5,A. hyacinthus,6,AhyaPalms16,Palms16,Palms,AR4_5_6,Hot,1,1,1,1,1,1
AR4,_1111860,5,A. hyacinthus,7,AhyaArlington1,Arlington1,Arlington,AR4_5_7,Hot,1,1,1,1,1,1
AR4,_1111860,5,A. hyacinthus,8,AhyaArlington10,Arlington10,Arlington,AR4_5_8,Hot,1,1,1,1,1,1
AR4,_1111860,5,A. hyacinthus,9,AhyaWood16,Wood16,Wood,AR4_5_9,Hot,1,1,1,1,1,1
AR4,_1111860,5,A. hyacinthus,10,AhyaDavies9,Davies9,Davies,AR4_5_10,Hot,1,1,1,1,1,1
AR4,_1111860,5,A. hyacinthus,11,NA,NA,NA,AR4_5_11,Hot,NA,NA,NA,NA,NA,NA
AR4,_1111862,6,P. lutea,1,PlutMartin14,Martin14,Martin,AR4_6_1,Hot,1,1,1,1,1,1
AR4,_1111862,6,P. lutea,2,PlutMartin32,Martin32,Martin,AR4_6_2,Hot,1,1,1,1,1,1
AR4,_1111862,6,P. lutea,3,PlutArlington1,Arlington1,Arlington,AR4_6_3,Hot,1,1,1,1,1,1
AR4,_1111862,6,P. lutea,4,PlutMartin18,Martin18,Martin,AR4_6_4,Hot,1,1,1,1,1,1
AR4,_1111862,6,P. lutea,5,PlutPalms23,Palms23,Palms,AR4_6_5,Hot,1,1,1,1,1,1
AR4,_1111862,6,P. lutea,6,PlutMartin19,Martin19,Martin,AR4_6_6,Hot,1,1,1,1,1,1
AR4,_1111862,6,P. lutea,7,PlutWood20,Wood20,Wood,AR4_6_7,Hot,1,1,1,1,1,1
AR4,_1111862,6,P. lutea,8,PlutDavies1,Davies1,Davies,AR4_6_8,Hot,1,1,1,1,1,1
AR4,_1111862,6,P. lutea,9,PlutArlington19,Arlington19,Arlington,AR4_6_9,Hot,1,1,1,1,1,1
AR4,_1111862,6,P. lutea,10,NA,NA,NA,AR4_6_10,Hot,NA,NA,NA,NA,NA,NA
AR4,_1111862,6,P. lutea,11,PlutPalms20,Palms20,Palms,AR4_6_11,Hot,1,1,1,1,1,1
AR5,_1111890,1,A. hyacinthus,1,AhyaArlington11,Arlington11,Arlington,AR5_1_1,Hot,1,1,1,1,1,0
AR5,_1111890,1,A. hyacinthus,2,AhyaWood7A,Wood7A,Wood,AR5_1_2,Hot,1,1,1,1,1,1
AR5,_1111890,1,A. hyacinthus,3,NA,NA,NA,AR5_1_3,Hot,NA,NA,NA,NA,NA,NA
AR5,_1111890,1,A. hyacinthus,4,AhyaArlington6,Arlington6,Arlington,AR5_1_4,Hot,1,1,1,1,1,1
AR5,_1111890,1,A. hyacinthus,5,AhyaArlington10,Arlington10,Arlington,AR5_1_5,Hot,1,1,1,1,1,1
AR5,_1111890,1,A. hyacinthus,6,AhyaPalms4,Palms4,Palms,AR5_1_6,Hot,1,1,1,1,1,1
AR5,_1111890,1,A. hyacinthus,7,AhyaArlington9,Arlington9,Arlington,AR5_1_7,Hot,1,1,1,1,1,1
AR5,_1111890,1,A. hyacinthus,8,AhyaWood5A,Wood5A,Wood,AR5_1_8,Hot,1,1,1,1,1,1
AR5,_1111890,1,A. hyacinthus,9,AhyaPalms3,Palms3,Palms,AR5_1_9,Hot,1,1,1,1,1,1
AR5,_1111890,1,A. hyacinthus,10,AhyaDavies12,Davies12,Davies,AR5_1_10,Hot,1,1,1,1,1,1
AR5,_1111890,1,A. hyacinthus,11,AhyaPalms10,Palms10,Palms,AR5_1_11,Hot,1,1,1,1,1,1
AR5,_1111892,2,P. lutea,1,PlutWood4,Wood4,Wood,AR5_2_1,Hot,1,1,1,1,1,1
AR5,_1111892,2,P. lutea,2,PlutMartin18,Martin18,Martin,AR5_2_2,Hot,1,1,1,1,1,1
AR5,_1111892,2,P. lutea,3,PlutPalms4,Palms4,Palms,AR5_2_3,Hot,1,1,1,1,1,1
AR5,_1111892,2,P. lutea,4,NA,NA,NA,AR5_2_4,Hot,NA,NA,NA,NA,NA,NA
AR5,_1111892,2,P. lutea,5,PlutMartin32,Martin32,Martin,AR5_2_5,Hot,1,1,1,1,1,1
AR5,_1111892,2,P. lutea,6,PlutDavies10,Davies10,Davies,AR5_2_6,Hot,1,1,1,1,1,1
AR5,_1111892,2,P. lutea,7,PlutArlington6,Arlington6,Arlington,AR5_2_7,Hot,1,1,1,1,1,1
AR5,_1111892,2,P. lutea,8,PlutDavies9,Davies9,Davies,AR5_2_8,Hot,1,1,1,1,1,1
AR5,_1111892,2,P. lutea,9,PlutPalms20,Palms20,Palms,AR5_2_9,Hot,1,1,1,1,1,1
AR5,_1111892,2,P. lutea,10,PlutDavies1,Davies1,Davies,AR5_2_10,Hot,1,1,1,1,1,1
AR5,_1111892,2,P. lutea,11,PlutWood29,Wood29,Wood,AR5_2_11,Hot,1,1,1,1,1,1
AR5,_1111893,3,A. hyacinthus,1,NA,NA,NA,AR5_3_1,Hot,NA,NA,NA,NA,NA,NA
AR5,_1111893,3,A. hyacinthus,2,AhyaDavies14,Davies14,Davies,AR5_3_2,Hot,1,1,1,1,1,1
AR5,_1111893,3,A. hyacinthus,3,AhyaMartin13,Martin13,Martin,AR5_3_3,Hot,1,1,1,1,1,1
AR5,_1111893,3,A. hyacinthus,4,AhyaArlington1,Arlington1,Arlington,AR5_3_4,Hot,1,1,1,1,1,1
AR5,_1111893,3,A. hyacinthus,5,AhyaDavies9,Davies9,Davies,AR5_3_5,Hot,1,1,1,1,1,1
AR5,_1111893,3,A. hyacinthus,6,NA,NA,NA,AR5_3_6,Hot,NA,NA,NA,NA,NA,NA
AR5,_1111893,3,A. hyacinthus,7,AhyaWood16,Wood16,Wood,AR5_3_7,Hot,1,1,1,1,1,1
AR5,_1111893,3,A. hyacinthus,8,AhyaWood17,Wood17,Wood,AR5_3_8,Hot,1,1,1,1,1,1
AR5,_1111893,3,A. hyacinthus,9,AhyaMartin11,Martin11,Martin,AR5_3_9,Hot,1,1,1,1,1,1
AR5,_1111893,3,A. hyacinthus,10,AhyaMartin3,Martin3,Martin,AR5_3_10,Hot,1,1,1,1,1,1
AR5,_1111893,3,A. hyacinthus,11,AhyaDavies18,Davies18,Davies,AR5_3_11,Hot,1,1,1,1,1,1
AR5,_1111895,4,P. lutea,1,PlutMartin19,Martin19,Martin,AR5_4_1,Hot,1,1,1,1,1,1
AR5,_1111895,4,P. lutea,2,PlutWood20,Wood20,Wood,AR5_4_2,Hot,1,1,1,1,1,1
AR5,_1111895,4,P. lutea,3,PlutArlington16,Arlington16,Arlington,AR5_4_3,Hot,1,1,1,1,1,1
AR5,_1111895,4,P. lutea,4,PlutMartin36,Martin36,Martin,AR5_4_4,Hot,1,1,1,1,1,1
AR5,_1111895,4,P. lutea,5,PlutMartin4,Martin4,Martin,AR5_4_5,Hot,1,1,1,1,1,1
AR5,_1111895,4,P. lutea,6,PlutWood13,Wood13,Wood,AR5_4_6,Hot,1,1,1,1,1,1
AR5,_1111895,4,P. lutea,7,PlutArlington9,Arlington9,Arlington,AR5_4_7,Hot,1,1,1,1,1,1
AR5,_1111895,4,P. lutea,8,NA,NA,NA,AR5_4_8,Hot,NA,NA,NA,NA,NA,NA
AR5,_1111895,4,P. lutea,9,NA,NA,NA,AR5_4_9,Hot,NA,NA,NA,NA,NA,NA
AR5,_1111895,4,P. lutea,10,PlutDavies18,Davies18,Davies,AR5_4_10,Hot,1,1,1,1,1,1
AR5,_1111895,4,P. lutea,11,PlutArlington12,Arlington12,Arlington,AR5_4_11,Hot,1,1,1,1,1,1
AR5,_1111896,5,A. hyacinthus,1,NA,NA,NA,AR5_5_1,Hot,NA,NA,NA,NA,NA,NA
AR5,_1111896,5,A. hyacinthus,2,AhyaMartin12,Martin12,Martin,AR5_5_2,Hot,1,1,1,1,1,1
AR5,_1111896,5,A. hyacinthus,3,AhyaArlington8,Arlington8,Arlington,AR5_5_3,Hot,1,1,1,1,0,0
AR5,_1111896,5,A. hyacinthus,4,AhyaPalms16,Palms16,Palms,AR5_5_4,Hot,1,1,1,1,1,1
AR5,_1111896,5,A. hyacinthus,5,AhyaDavies16,Davies16,Davies,AR5_5_5,Hot,1,1,1,1,1,1
AR5,_1111896,5,A. hyacinthus,6,AhyaWood8,Wood8,Wood,AR5_5_6,Hot,1,1,1,1,1,1
AR5,_1111896,5,A. hyacinthus,7,AhyaPalms5,Palms5,Palms,AR5_5_7,Hot,1,1,1,1,1,1
AR5,_1111896,5,A. hyacinthus,8,NA,NA,NA,AR5_5_8,Hot,NA,NA,NA,NA,NA,NA
AR5,_1111896,5,A. hyacinthus,9,AhyaDavies15,Davies15,Davies,AR5_5_9,Hot,1,1,1,1,0,0
AR5,_1111896,5,A. hyacinthus,10,NA,NA,NA,AR5_5_10,Hot,NA,NA,NA,NA,NA,NA
AR5,_1111896,5,A. hyacinthus,11,AhyaMartin17,Martin17,Martin,AR5_5_11,Hot,1,1,1,1,1,1
AR5,_1111898,6,P. lutea,1,PlutArlington19,Arlington19,Arlington,AR5_6_1,Hot,1,1,1,1,1,1
AR5,_1111898,6,P. lutea,2,PlutArlington1,Arlington1,Arlington,AR5_6_2,Hot,1,1,1,1,1,1
AR5,_1111898,6,P. lutea,3,NA,NA,NA,AR5_6_3,Hot,NA,NA,NA,NA,NA,NA
AR5,_1111898,6,P. lutea,4,PlutPalms3,Palms3,Palms,AR5_6_4,Hot,1,1,1,1,1,1
AR5,_1111898,6,P. lutea,5,PlutPalms1,Palms1,Palms,AR5_6_5,Hot,1,1,1,1,1,1
AR5,_1111898,6,P. lutea,6,PlutDavies7,Davies7,Davies,AR5_6_6,Hot,1,1,1,1,1,1
AR5,_1111898,6,P. lutea,7,PlutDavies3,Davies3,Davies,AR5_6_7,Hot,1,1,1,1,1,1
AR5,_1111898,6,P. lutea,8,PlutWood14,Wood14,Wood,AR5_6_8,Hot,1,1,1,1,1,1
AR5,_1111898,6,P. lutea,9,PlutPalms17,Palms17,Palms,AR5_6_9,Hot,1,1,1,1,1,1
AR5,_1111898,6,P. lutea,10,PlutPalms23,Palms23,Palms,AR5_6_10,Hot,1,1,1,1,1,1
AR5,_1111898,6,P. lutea,11,PlutMartin14,Martin14,Martin,AR5_6_11,Hot,1,1,1,1,1,1
AR6,_1111917,1,A. hyacinthus,1,NA,NA,NA,AR6_1_1,Hot,NA,NA,NA,NA,NA,NA
AR6,_1111917,1,A. hyacinthus,2,AhyaWood8,Wood8,Wood,AR6_1_2,Hot,1,1,1,1,1,1
AR6,_1111917,1,A. hyacinthus,3,AhyaArlington9,Arlington9,Arlington,AR6_1_3,Hot,1,1,1,0,0,0
AR6,_1111917,1,A. hyacinthus,4,AhyaDavies9,Davies9,Davies,AR6_1_4,Hot,1,1,1,1,0,0
AR6,_1111917,1,A. hyacinthus,5,AhyaArlington1,Arlington1,Arlington,AR6_1_5,Hot,1,1,1,1,1,1
AR6,_1111917,1,A. hyacinthus,6,AhyaPalms4,Palms4,Palms,AR6_1_6,Hot,1,1,1,1,1,1
AR6,_1111917,1,A. hyacinthus,7,AhyaWood7A,Wood7A,Wood,AR6_1_7,Hot,1,0,0,0,0,0
AR6,_1111917,1,A. hyacinthus,8,AhyaArlington11,Arlington11,Arlington,AR6_1_8,Hot,1,1,1,1,1,1
AR6,_1111917,1,A. hyacinthus,9,AhyaArlington6,Arlington6,Arlington,AR6_1_9,Hot,1,1,1,1,1,1
AR6,_1111917,1,A. hyacinthus,10,AhyaWood16,Wood16,Wood,AR6_1_10,Hot,1,1,1,1,1,1
AR6,_1111917,1,A. hyacinthus,11,AhyaArlington10,Arlington10,Arlington,AR6_1_11,Hot,1,1,0,0,0,0
AR6,_1111919,2,P. lutea,1,PlutArlington12,Arlington12,Arlington,AR6_2_1,Hot,1,1,1,1,1,1
AR6,_1111919,2,P. lutea,2,PlutDavies1,Davies1,Davies,AR6_2_2,Hot,1,1,1,1,1,1
AR6,_1111919,2,P. lutea,3,PlutWood4,Wood4,Wood,AR6_2_3,Hot,1,1,1,1,1,1
AR6,_1111919,2,P. lutea,4,PlutArlington1,Arlington1,Arlington,AR6_2_4,Hot,1,1,1,1,1,1
AR6,_1111919,2,P. lutea,5,PlutPalms23,Palms23,Palms,AR6_2_5,Hot,1,1,1,1,1,1
AR6,_1111919,2,P. lutea,6,PlutPalms1,Palms1,Palms,AR6_2_6,Hot,1,1,1,1,1,1
AR6,_1111919,2,P. lutea,7,PlutWood13,Wood13,Wood,AR6_2_7,Hot,1,1,1,1,1,1
AR6,_1111919,2,P. lutea,8,PlutPalms17,Palms17,Palms,AR6_2_8,Hot,1,1,1,1,1,1
AR6,_1111919,2,P. lutea,9,PlutPalms4,Palms4,Palms,AR6_2_9,Hot,1,1,1,1,1,1
AR6,_1111919,2,P. lutea,10,PlutMartin19,Martin19,Martin,AR6_2_10,Hot,1,1,1,1,1,1
AR6,_1111919,2,P. lutea,11,NA,NA,NA,AR6_2_11,Hot,NA,NA,NA,NA,NA,NA
AR6,_1111920,3,A. hyacinthus,1,AhyaDavies16,Davies16,Davies,AR6_3_1,Hot,1,1,1,1,1,1
AR6,_1111920,3,A. hyacinthus,2,AhyaPalms3,Palms3,Palms,AR6_3_2,Hot,1,1,1,1,1,1
AR6,_1111920,3,A. hyacinthus,3,AhyaDavies12,Davies12,Davies,AR6_3_3,Hot,1,1,1,1,1,1
AR6,_1111920,3,A. hyacinthus,4,AhyaWood5A,Wood5A,Wood,AR6_3_4,Hot,1,1,1,1,1,1
AR6,_1111920,3,A. hyacinthus,5,AhyaMartin13,Martin13,Martin,AR6_3_5,Hot,1,1,1,1,1,1
AR6,_1111920,3,A. hyacinthus,6,NA,NA,NA,AR6_3_6,Hot,NA,NA,NA,NA,NA,NA
AR6,_1111920,3,A. hyacinthus,7,AhyaDavies14,Davies14,Davies,AR6_3_7,Hot,1,1,1,1,1,1
AR6,_1111920,3,A. hyacinthus,8,NA,NA,NA,AR6_3_8,Hot,NA,NA,NA,NA,NA,NA
AR6,_1111920,3,A. hyacinthus,9,AhyaDavies18,Davies18,Davies,AR6_3_9,Hot,1,1,1,1,0,0
AR6,_1111920,3,A. hyacinthus,10,AhyaPalms16,Palms16,Palms,AR6_3_10,Hot,1,1,1,1,1,1
AR6,_1111920,3,A. hyacinthus,11,AhyaMartin12,Martin12,Martin,AR6_3_11,Hot,1,1,1,1,1,1
AR6,_1111922,4,P. lutea,1,PlutWood14,Wood14,Wood,AR6_4_1,Hot,1,1,1,1,1,1
AR6,_1111922,4,P. lutea,2,PlutMartin32,Martin32,Martin,AR6_4_2,Hot,1,1,1,1,1,1
AR6,_1111922,4,P. lutea,3,PlutDavies18,Davies18,Davies,AR6_4_3,Hot,1,1,1,1,1,1
AR6,_1111922,4,P. lutea,4,PlutDavies10,Davies10,Davies,AR6_4_4,Hot,1,1,1,1,1,1
AR6,_1111922,4,P. lutea,5,PlutPalms3,Palms3,Palms,AR6_4_5,Hot,1,1,1,1,1,1
AR6,_1111922,4,P. lutea,6,PlutArlington19,Arlington19,Arlington,AR6_4_6,Hot,1,1,1,1,1,1
AR6,_1111922,4,P. lutea,7,PlutDavies3,Davies3,Davies,AR6_4_7,Hot,1,1,1,1,1,1
AR6,_1111922,4,P. lutea,8,NA,NA,NA,AR6_4_8,Hot,NA,NA,NA,NA,NA,NA
AR6,_1111922,4,P. lutea,9,PlutWood20,Wood20,Wood,AR6_4_9,Hot,1,1,1,1,1,1
AR6,_1111922,4,P. lutea,10,PlutMartin14,Martin14,Martin,AR6_4_10,Hot,1,1,1,1,1,1
AR6,_1111922,4,P. lutea,11,PlutArlington16,Arlington16,Arlington,AR6_4_11,Hot,1,1,1,1,1,1
AR6,_1111923,5,A. hyacinthus,1,AhyaPalms5,Palms5,Palms,AR6_5_1,Hot,1,1,1,1,1,1
AR6,_1111923,5,A. hyacinthus,2,AhyaPalms10,Palms10,Palms,AR6_5_2,Hot,1,1,1,1,1,1
AR6,_1111923,5,A. hyacinthus,3,NA,NA,NA,AR6_5_3,Hot,NA,NA,NA,NA,NA,NA
AR6,_1111923,5,A. hyacinthus,4,AhyaMartin3,Martin3,Martin,AR6_5_4,Hot,1,1,1,1,1,1
AR6,_1111923,5,A. hyacinthus,5,AhyaArlington8,Arlington8,Arlington,AR6_5_5,Hot,1,1,1,1,1,1
AR6,_1111923,5,A. hyacinthus,6,AhyaPalms6,Palms6,Palms,AR6_5_6,Hot,1,1,1,1,1,0
AR6,_1111923,5,A. hyacinthus,7,AhyaWood17,Wood17,Wood,AR6_5_7,Hot,1,1,1,1,1,1
AR6,_1111923,5,A. hyacinthus,8,AhyaDavies15,Davies15,Davies,AR6_5_8,Hot,1,1,1,1,1,1
AR6,_1111923,5,A. hyacinthus,9,AhyaMartin17,Martin17,Martin,AR6_5_9,Hot,1,1,1,1,1,1
AR6,_1111923,5,A. hyacinthus,10,AhyaMartin11,Martin11,Martin,AR6_5_10,Hot,1,1,1,1,1,1
AR6,_1111923,5,A. hyacinthus,11,NA,NA,NA,AR6_5_11,Hot,NA,NA,NA,NA,NA,NA
AR6,_1111925,6,P. lutea,1,PlutWood29,Wood29,Wood,AR6_6_1,Hot,1,1,1,1,1,1
AR6,_1111925,6,P. lutea,2,PlutMartin4,Martin4,Martin,AR6_6_2,Hot,1,1,1,1,1,1
AR6,_1111925,6,P. lutea,3,PlutArlington9,Arlington9,Arlington,AR6_6_3,Hot,1,1,1,1,1,1
AR6,_1111925,6,P. lutea,4,PlutArlington6,Arlington6,Arlington,AR6_6_4,Hot,1,1,1,1,1,1
AR6,_1111925,6,P. lutea,5,PlutMartin18,Martin18,Martin,AR6_6_5,Hot,1,1,1,1,1,1
AR6,_1111925,6,P. lutea,6,PlutDavies9,Davies9,Davies,AR6_6_6,Hot,1,1,1,1,1,1
AR6,_1111925,6,P. lutea,7,NA,NA,NA,AR6_6_7,Hot,NA,NA,NA,NA,NA,NA
AR6,_1111925,6,P. lutea,8,PlutPalms20,Palms20,Palms,AR6_6_8,Hot,1,1,1,1,1,1
AR6,_1111925,6,P. lutea,9,PlutMartin36,Martin36,Martin,AR6_6_9,Hot,1,1,1,1,1,1
AR6,_1111925,6,P. lutea,10,PlutDavies7,Davies7,Davies,AR6_6_10,Hot,1,1,1,1,1,1
AR6,_1111925,6,P. lutea,11,NA,NA,NA,AR6_6_11,Hot,NA,NA,NA,NA,NA,NA
