,Tank,Temperature,Stick,Position,Population,Species,Genotype,Frag.rep,Frag.id,Timepoint,Survival,Bleaching_D,TissueArea_cm2,PAM
1,1,Ambient,1,3,Parke,Goniastrea retiformis,Gon.Par.7,1,Gon.Par.7.1,3,1,6,3.095,NA
2,1,Ambient,1,7,Jewell,Goniastrea retiformis,Gon.Jew.8,1,Gon.Jew.8.1,3,1,6,2.882,NA
3,1,Ambient,1,10,Parke,Goniastrea retiformis,Gon.Par.6,1,Gon.Par.6.1,3,1,6,3.938,NA
4,1,Ambient,3,3,Switzer,Goniastrea retiformis,Gon.Swi.6,1,Gon.Swi.6.1,3,1,6,1.89,NA
5,1,Ambient,3,8,Parke,Goniastrea retiformis,Gon.Par.6,2,Gon.Par.6.2,3,1,6,2.125,NA
6,1,Ambient,3,10,Parke,Goniastrea retiformis,Gon.Par.8,1,Gon.Par.8.1,3,1,6,2.218,NA
7,1,Ambient,4,2,Switzer,Goniastrea retiformis,Gon.Swi.5,1,Gon.Swi.5.1,3,1,6,2.664,NA
8,1,Ambient,4,3,Jewell,Goniastrea retiformis,Gon.Jew.11,1,Gon.Jew.11.1,3,1,6,2.185,NA
9,1,Ambient,4,5,Parke,Goniastrea retiformis,Gon.Par.3,2,Gon.Par.3.2,3,1,6,3.569,NA
10,1,Ambient,4,6,Parke,Goniastrea retiformis,Gon.Par.8,2,Gon.Par.8.2,3,1,6,2.216,NA
11,1,Ambient,4,7,Switzer,Goniastrea retiformis,Gon.Swi.6,2,Gon.Swi.6.2,3,1,6,2.914,NA
12,1,Ambient,4,10,Jewell,Goniastrea retiformis,Gon.Jew.6,1,Gon.Jew.6.1,3,1,6,2.44,NA
13,1,Ambient,4,11,Switzer,Goniastrea retiformis,Gon.Swi.10,1,Gon.Swi.10.1,3,1,6,2.989,NA
14,1,Ambient,5,1,Switzer,Goniastrea retiformis,Gon.Swi.7,2,Gon.Swi.7.2,3,1,6,3.519,NA
15,1,Ambient,5,3,Parke,Goniastrea retiformis,Gon.Par.8,3,Gon.Par.8.3,3,1,6,2.503,NA
16,1,Ambient,5,5,Switzer,Goniastrea retiformis,Gon.Swi.11,2,Gon.Swi.11.2,3,1,6,2.416,NA
17,1,Ambient,5,7,Parke,Goniastrea retiformis,Gon.Par.8,4,Gon.Par.8.4,3,1,6,2.553,NA
18,1,Ambient,5,8,Parke,Goniastrea retiformis,Gon.Par.7,2,Gon.Par.7.2,3,1,6,3.824,NA
19,1,Ambient,6,5,Jewell,Goniastrea retiformis,Gon.Jew.10,1,Gon.Jew.10.1,3,1,5,3.289,NA
20,1,Ambient,6,7,Parke,Goniastrea retiformis,Gon.Par.2,1,Gon.Par.2.1,3,1,6,3.22,NA
21,1,Ambient,6,9,Jewell,Goniastrea retiformis,Gon.Jew.10,2,Gon.Jew.10.2,3,1,5,3.463,NA
22,1,Ambient,6,11,Jewell,Goniastrea retiformis,Gon.Jew.7,1,Gon.Jew.7.1,3,1,6,3.599,NA
23,2,Ambient,1,3,Parke,Goniastrea retiformis,Gon.Par.3,3,Gon.Par.3.3,3,1,6,5.169,NA
24,2,Ambient,1,4,Switzer,Goniastrea retiformis,Gon.Swi.7,3,Gon.Swi.7.3,3,1,6,4.429,NA
25,2,Ambient,1,7,Parke,Goniastrea retiformis,Gon.Par.6,3,Gon.Par.6.3,3,1,6,3.684,NA
26,2,Ambient,1,9,Switzer,Goniastrea retiformis,Gon.Swi.11,3,Gon.Swi.11.3,3,1,4,2.958,NA
27,2,Ambient,1,10,Jewell,Goniastrea retiformis,Gon.Jew.10,3,Gon.Jew.10.3,3,1,4,4.289,NA
28,2,Ambient,2,1,Switzer,Goniastrea retiformis,Gon.Swi.7,4,Gon.Swi.7.4,3,1,6,3.341,NA
29,2,Ambient,2,2,Jewell,Goniastrea retiformis,Gon.Jew.8,2,Gon.Jew.8.2,3,1,6,1.845,NA
30,2,Ambient,2,3,Parke,Goniastrea retiformis,Gon.Par.7,3,Gon.Par.7.3,3,1,6,4.193,NA
31,2,Ambient,3,2,Switzer,Goniastrea retiformis,Gon.Swi.6,3,Gon.Swi.6.3,3,1,6,1.777,NA
32,2,Ambient,3,5,Jewell,Goniastrea retiformis,Gon.Jew.11,2,Gon.Jew.11.2,3,1,6,3.027,NA
33,2,Ambient,3,7,Jewell,Goniastrea retiformis,Gon.Jew.6,2,Gon.Jew.6.2,3,1,6,2.595,NA
34,2,Ambient,3,8,Jewell,Goniastrea retiformis,Gon.Jew.10,4,Gon.Jew.10.4,3,1,5,2.217,NA
35,2,Ambient,3,11,Parke,Goniastrea retiformis,Gon.Par.2,2,Gon.Par.2.2,3,1,5,3.8,NA
36,2,Ambient,4,2,Parke,Goniastrea retiformis,Gon.Par.3,4,Gon.Par.3.4,3,1,6,2.822,NA
37,2,Ambient,4,4,Switzer,Goniastrea retiformis,Gon.Swi.12,2,Gon.Swi.12.2,3,1,6,3.149,NA
38,2,Ambient,4,10,Switzer,Goniastrea retiformis,Gon.Swi.10,2,Gon.Swi.10.2,3,1,6,2.379,NA
39,2,Ambient,6,4,Switzer,Goniastrea retiformis,Gon.Swi.5,2,Gon.Swi.5.2,3,1,6,2.157,NA
40,2,Ambient,6,6,Parke,Goniastrea retiformis,Gon.Par.7,4,Gon.Par.7.4,3,1,6,3.378,NA
41,2,Ambient,6,8,Jewell,Goniastrea retiformis,Gon.Jew.11,3,Gon.Jew.11.3,3,1,6,2.722,NA
42,2,Ambient,6,11,Switzer,Goniastrea retiformis,Gon.Swi.6,4,Gon.Swi.6.4,3,1,5,2.668,NA
43,3,Ambient,1,3,Jewell,Goniastrea retiformis,Gon.Jew.7,3,Gon.Jew.7.3,3,1,6,2.152,NA
44,3,Ambient,1,5,Parke,Goniastrea retiformis,Gon.Par.6,4,Gon.Par.6.4,3,1,6,2.55,NA
45,3,Ambient,1,7,Jewell,Goniastrea retiformis,Gon.Jew.6,3,Gon.Jew.6.3,3,1,6,3.006,NA
46,3,Ambient,1,10,Switzer,Goniastrea retiformis,Gon.Swi.12,3,Gon.Swi.12.3,3,1,6,4.414,NA
47,3,Ambient,2,1,Switzer,Goniastrea retiformis,Gon.Swi.7,5,Gon.Swi.7.5,3,1,6,3.156,NA
48,3,Ambient,2,6,Switzer,Goniastrea retiformis,Gon.Swi.5,3,Gon.Swi.5.3,3,1,6,3.401,NA
49,3,Ambient,2,9,Switzer,Goniastrea retiformis,Gon.Swi.6,5,Gon.Swi.6.5,3,1,6,3.283,NA
50,3,Ambient,2,10,Switzer,Goniastrea retiformis,Gon.Swi.6,6,Gon.Swi.6.6,3,1,6,3.345,NA
51,3,Ambient,2,11,Switzer,Goniastrea retiformis,Gon.Swi.11,5,Gon.Swi.11.5,3,1,6,3.318,NA
52,3,Ambient,3,5,Parke,Goniastrea retiformis,Gon.Par.7,5,Gon.Par.7.5,3,1,6,4.755,NA
53,3,Ambient,4,2,Switzer,Goniastrea retiformis,Gon.Swi.10,3,Gon.Swi.10.3,3,1,6,3.422,NA
54,3,Ambient,4,4,Switzer,Goniastrea retiformis,Gon.Swi.12,4,Gon.Swi.12.4,3,1,6,3.567,NA
55,3,Ambient,4,5,Jewell,Goniastrea retiformis,Gon.Jew.8,3,Gon.Jew.8.3,3,1,6,2.616,NA
56,3,Ambient,4,7,Parke,Goniastrea retiformis,Gon.Par.2,3,Gon.Par.2.3,3,1,6,4.188,NA
57,3,Ambient,4,9,Parke,Goniastrea retiformis,Gon.Par.3,5,Gon.Par.3.5,3,1,6,3.982,NA
58,3,Ambient,5,1,Jewell,Goniastrea retiformis,Gon.Jew.8,4,Gon.Jew.8.4,3,1,6,3.219,NA
59,3,Ambient,5,2,Parke,Goniastrea retiformis,Gon.Par.6,5,Gon.Par.6.5,3,1,6,4.477,NA
60,3,Ambient,5,6,Switzer,Goniastrea retiformis,Gon.Swi.7,6,Gon.Swi.7.6,3,1,6,2.366,NA
61,3,Ambient,5,7,Jewell,Goniastrea retiformis,Gon.Jew.11,4,Gon.Jew.11.4,3,1,6,4.06,NA
62,3,Ambient,5,10,Switzer,Goniastrea retiformis,Gon.Swi.10,4,Gon.Swi.10.4,3,1,6,4.181,NA
63,3,Ambient,6,3,Parke,Goniastrea retiformis,Gon.Par.2,4,Gon.Par.2.4,3,1,6,3.789,NA
64,3,Ambient,6,6,Parke,Goniastrea retiformis,Gon.Par.3,6,Gon.Par.3.6,3,1,6,3.457,NA
65,3,Ambient,6,8,Switzer,Goniastrea retiformis,Gon.Swi.11,6,Gon.Swi.11.6,3,1,5,2.494,NA
66,3,Ambient,6,9,Jewell,Goniastrea retiformis,Gon.Jew.10,5,Gon.Jew.10.5,3,1,6,2.608,NA
67,3,Ambient,6,10,Parke,Goniastrea retiformis,Gon.Par.7,6,Gon.Par.7.6,3,1,6,3.148,NA
68,3,Ambient,6,11,Jewell,Goniastrea retiformis,Gon.Jew.11,5,Gon.Jew.11.5,3,1,6,2.762,NA
69,4,Ambient,1,2,Switzer,Goniastrea retiformis,Gon.Swi.5,4,Gon.Swi.5.4,3,1,6,3.105,NA
70,4,Ambient,1,4,Jewell,Goniastrea retiformis,Gon.Jew.7,13,Gon.Jew.7.13,3,1,6,2.374,NA
71,4,Ambient,1,9,Jewell,Goniastrea retiformis,Gon.Jew.11,6,Gon.Jew.11.6,3,1,6,2.734,NA
72,4,Ambient,1,10,Jewell,Goniastrea retiformis,Gon.Jew.8,5,Gon.Jew.8.5,3,1,6,3.36,NA
73,4,Ambient,2,2,Parke,Goniastrea retiformis,Gon.Par.6,6,Gon.Par.6.6,3,1,6,2.989,NA
74,4,Ambient,2,4,Switzer,Goniastrea retiformis,Gon.Swi.12,5,Gon.Swi.12.5,3,1,6,3.05,NA
75,4,Ambient,2,6,Parke,Goniastrea retiformis,Gon.Par.8,7,Gon.Par.8.7,3,1,5,2.052,NA
76,4,Ambient,2,8,Switzer,Goniastrea retiformis,Gon.Swi.7,7,Gon.Swi.7.7,3,1,5,2.824,NA
77,4,Ambient,3,3,Jewell,Goniastrea retiformis,Gon.Jew.10,6,Gon.Jew.10.6,3,1,5,2.538,NA
78,4,Ambient,3,4,Switzer,Goniastrea retiformis,Gon.Swi.10,5,Gon.Swi.10.5,3,1,6,2.967,NA
79,4,Ambient,3,5,Switzer,Goniastrea retiformis,Gon.Swi.12,6,Gon.Swi.12.6,3,1,6,3.706,NA
80,4,Ambient,3,6,Parke,Goniastrea retiformis,Gon.Par.7,7,Gon.Par.7.7,3,1,5,2.431,NA
81,4,Ambient,3,8,Parke,Goniastrea retiformis,Gon.Par.2,6,Gon.Par.2.6,3,1,6,4.149,NA
82,4,Ambient,3,10,Parke,Goniastrea retiformis,Gon.Par.3,7,Gon.Par.3.7,3,1,6,3.618,NA
83,4,Ambient,4,5,Jewell,Goniastrea retiformis,Gon.Jew.6,4,Gon.Jew.6.4,3,1,6,3.255,NA
84,4,Ambient,5,3,Switzer,Goniastrea retiformis,Gon.Swi.6,7,Gon.Swi.6.7,3,1,6,2.925,NA
85,4,Ambient,5,6,Jewell,Goniastrea retiformis,Gon.Jew.11,7,Gon.Jew.11.7,3,1,6,2.688,NA
86,4,Ambient,5,7,Switzer,Goniastrea retiformis,Gon.Swi.6,8,Gon.Swi.6.8,3,1,6,3.062,NA
87,4,Ambient,5,8,Switzer,Goniastrea retiformis,Gon.Swi.11,7,Gon.Swi.11.7,3,1,6,2.155,NA
88,4,Ambient,6,5,Jewell,Goniastrea retiformis,Gon.Jew.8,6,Gon.Jew.8.6,3,1,6,3.205,NA
89,4,Ambient,6,8,Parke,Goniastrea retiformis,Gon.Par.7,8,Gon.Par.7.8,3,1,6,2.844,NA
90,4,Ambient,6,9,Jewell,Goniastrea retiformis,Gon.Jew.7,4,Gon.Jew.7.4,3,1,6,1.936,NA
91,4,Ambient,6,10,Parke,Goniastrea retiformis,Gon.Par.3,8,Gon.Par.3.8,3,1,6,2.592,NA
92,5,Ambient,1,3,Jewell,Goniastrea retiformis,Gon.Jew.6,5,Gon.Jew.6.5,3,1,6,4.351,NA
93,5,Ambient,1,5,Switzer,Goniastrea retiformis,Gon.Swi.12,7,Gon.Swi.12.7,3,1,6,3.282,NA
94,5,Ambient,2,2,Parke,Goniastrea retiformis,Gon.Par.8,8,Gon.Par.8.8,3,1,6,2.588,NA
95,5,Ambient,2,5,Switzer,Goniastrea retiformis,Gon.Swi.11,8,Gon.Swi.11.8,3,1,6,2.514,NA
96,5,Ambient,2,6,Parke,Goniastrea retiformis,Gon.Par.2,7,Gon.Par.2.7,3,1,6,2.35,NA
97,5,Ambient,2,8,Switzer,Goniastrea retiformis,Gon.Swi.6,9,Gon.Swi.6.9,3,1,5,3.137,NA
98,5,Ambient,2,9,Jewell,Goniastrea retiformis,Gon.Jew.7,5,Gon.Jew.7.5,3,1,6,3.288,NA
99,5,Ambient,2,10,Parke,Goniastrea retiformis,Gon.Par.8,9,Gon.Par.8.9,3,1,5,2.891,NA
100,5,Ambient,3,1,Jewell,Goniastrea retiformis,Gon.Jew.11,8,Gon.Jew.11.8,3,1,6,4.058,NA
101,5,Ambient,3,7,Parke,Goniastrea retiformis,Gon.Par.7,9,Gon.Par.7.9,3,1,6,2.717,NA
102,6,Ambient,1,5,Parke,Goniastrea retiformis,Gon.Par.2,9,Gon.Par.2.9,3,1,6,3.675,NA
103,6,Ambient,1,6,Parke,Goniastrea retiformis,Gon.Par.6,8,Gon.Par.6.8,3,1,6,3.828,NA
104,6,Ambient,1,10,Jewell,Goniastrea retiformis,Gon.Jew.10,9,Gon.Jew.10.9,3,1,4,2.06,NA
105,6,Ambient,1,11,Switzer,Goniastrea retiformis,Gon.Swi.6,10,Gon.Swi.6.10,3,1,5,2.657,NA
106,6,Ambient,2,1,Switzer,Goniastrea retiformis,Gon.Swi.11,10,Gon.Swi.11.10,3,1,6,2.632,NA
107,6,Ambient,2,2,Switzer,Goniastrea retiformis,Gon.Swi.7,10,Gon.Swi.7.10,3,1,6,2.723,NA
108,6,Ambient,2,3,Jewell,Goniastrea retiformis,Gon.Jew.11,10,Gon.Jew.11.10,3,1,6,2.801,NA
109,6,Ambient,2,4,Parke,Goniastrea retiformis,Gon.Par.8,10,Gon.Par.8.10,3,1,6,2.145,NA
110,6,Ambient,2,5,Switzer,Goniastrea retiformis,Gon.Swi.12,9,Gon.Swi.12.9,3,1,6,2.646,NA
111,6,Ambient,2,7,Jewell,Goniastrea retiformis,Gon.Jew.7,6,Gon.Jew.7.6,3,1,6,3.665,NA
112,6,Ambient,2,8,Jewell,Goniastrea retiformis,Gon.Jew.8,9,Gon.Jew.8.9,3,1,6,3.482,NA
113,6,Ambient,2,9,Parke,Goniastrea retiformis,Gon.Par.8,11,Gon.Par.8.11,3,1,6,2.772,NA
114,6,Ambient,3,1,Switzer,Goniastrea retiformis,Gon.Swi.7,11,Gon.Swi.7.11,3,1,6,2.707,NA
115,6,Ambient,3,4,Switzer,Goniastrea retiformis,Gon.Swi.12,10,Gon.Swi.12.10,3,1,6,2.85,NA
116,6,Ambient,3,9,Jewell,Goniastrea retiformis,Gon.Jew.8,10,Gon.Jew.8.10,3,1,6,3.38,NA
117,6,Ambient,3,11,Parke,Goniastrea retiformis,Gon.Par.8,12,Gon.Par.8.12,3,1,5,3.852,NA
118,6,Ambient,4,3,Switzer,Goniastrea retiformis,Gon.Swi.5,6,Gon.Swi.5.6,3,1,6,2.579,NA
119,6,Ambient,4,5,Switzer,Goniastrea retiformis,Gon.Swi.5,7,Gon.Swi.5.7,3,1,6,2.493,NA
120,6,Ambient,4,6,Switzer,Goniastrea retiformis,Gon.Swi.10,8,Gon.Swi.10.8,3,1,6,2.609,NA
121,6,Ambient,5,2,Parke,Goniastrea retiformis,Gon.Par.2,10,Gon.Par.2.10,3,1,6,3.047,NA
122,6,Ambient,5,3,Switzer,Goniastrea retiformis,Gon.Swi.10,9,Gon.Swi.10.9,3,1,6,3.077,NA
123,6,Ambient,5,4,Parke,Goniastrea retiformis,Gon.Par.6,9,Gon.Par.6.9,3,1,6,4.281,NA
124,6,Ambient,5,11,Jewell,Goniastrea retiformis,Gon.Jew.10,10,Gon.Jew.10.10,3,1,5,3.016,NA
125,6,Ambient,6,5,Parke,Goniastrea retiformis,Gon.Par.7,10,Gon.Par.7.10,3,1,6,3.509,NA
126,6,Ambient,6,7,Parke,Goniastrea retiformis,Gon.Par.3,10,Gon.Par.3.10,3,1,6,3.592,NA
127,6,Ambient,6,8,Jewell,Goniastrea retiformis,Gon.Jew.6,6,Gon.Jew.6.6,3,1,6,3.34,NA
128,7,Hot,1,3,Switzer,Goniastrea retiformis,Gon.Swi.12,11,Gon.Swi.12.11,3,1,6,3.459,NA
129,7,Hot,1,6,Switzer,Goniastrea retiformis,Gon.Swi.6,11,Gon.Swi.6.11,3,1,5,2.851,NA
130,7,Hot,1,8,Switzer,Goniastrea retiformis,Gon.Swi.11,11,Gon.Swi.11.11,3,1,5,2.419,NA
131,7,Hot,1,10,Switzer,Goniastrea retiformis,Gon.Swi.10,10,Gon.Swi.10.10,3,1,6,2.956,NA
132,7,Hot,2,1,Parke,Goniastrea retiformis,Gon.Par.8,13,Gon.Par.8.13,3,1,4,3.049,NA
133,7,Hot,2,3,Switzer,Goniastrea retiformis,Gon.Swi.5,8,Gon.Swi.5.8,3,1,6,2.224,NA
134,7,Hot,2,4,Parke,Goniastrea retiformis,Gon.Par.8,14,Gon.Par.8.14,3,1,5,1.964,NA
135,7,Hot,2,5,Switzer,Goniastrea retiformis,Gon.Swi.6,12,Gon.Swi.6.12,3,1,5,3.51,NA
136,7,Hot,2,7,Switzer,Goniastrea retiformis,Gon.Swi.11,12,Gon.Swi.11.12,3,1,4,2.087,NA
137,7,Hot,2,9,Parke,Goniastrea retiformis,Gon.Par.6,10,Gon.Par.6.10,3,1,4,3.271,NA
138,7,Hot,2,11,Parke,Goniastrea retiformis,Gon.Par.8,15,Gon.Par.8.15,3,1,3,2.948,NA
139,7,Hot,3,3,Switzer,Goniastrea retiformis,Gon.Swi.7,12,Gon.Swi.7.12,3,1,5,2.798,NA
140,7,Hot,3,6,Jewell,Goniastrea retiformis,Gon.Jew.10,11,Gon.Jew.10.11,3,1,2,2.153,NA
141,7,Hot,3,8,Jewell,Goniastrea retiformis,Gon.Jew.7,7,Gon.Jew.7.7,3,1,1,1.738,NA
142,7,Hot,3,10,Switzer,Goniastrea retiformis,Gon.Swi.5,9,Gon.Swi.5.9,3,1,6,3.244,NA
143,7,Hot,3,11,Parke,Goniastrea retiformis,Gon.Par.3,11,Gon.Par.3.11,3,1,5,3.368,NA
144,7,Hot,4,3,Parke,Goniastrea retiformis,Gon.Par.6,11,Gon.Par.6.11,3,1,6,4.512,NA
145,7,Hot,4,6,Parke,Goniastrea retiformis,Gon.Par.2,11,Gon.Par.2.11,3,1,4,2.65,NA
146,7,Hot,4,10,Switzer,Goniastrea retiformis,Gon.Swi.7,13,Gon.Swi.7.13,3,1,4,2.337,NA
147,7,Hot,5,1,Parke,Goniastrea retiformis,Gon.Par.8,16,Gon.Par.8.16,3,1,5,2.651,NA
148,7,Hot,5,5,Parke,Goniastrea retiformis,Gon.Par.7,11,Gon.Par.7.11,3,1,4,2.62,NA
149,7,Hot,5,6,Switzer,Goniastrea retiformis,Gon.Swi.10,11,Gon.Swi.10.11,3,1,6,3.289,NA
150,7,Hot,5,8,Jewell,Goniastrea retiformis,Gon.Jew.11,11,Gon.Jew.11.11,3,1,1,3.044,NA
151,7,Hot,5,11,Jewell,Goniastrea retiformis,Gon.Jew.10,12,Gon.Jew.10.12,3,1,2,1.944,NA
152,7,Hot,6,2,Parke,Goniastrea retiformis,Gon.Par.7,12,Gon.Par.7.12,3,1,5,4.628,NA
153,7,Hot,6,7,Jewell,Goniastrea retiformis,Gon.Jew.6,7,Gon.Jew.6.7,3,1,3,3.007,NA
154,7,Hot,6,10,Jewell,Goniastrea retiformis,Gon.Jew.8,11,Gon.Jew.8.11,3,1,2,3.202,NA
155,9,Hot,1,3,Parke,Goniastrea retiformis,Gon.Par.6,14,Gon.Par.6.14,3,1,6,3.109,NA
156,9,Hot,1,4,Parke,Goniastrea retiformis,Gon.Par.7,15,Gon.Par.7.15,3,1,4,3.754,NA
157,9,Hot,3,8,Parke,Goniastrea retiformis,Gon.Par.2,13,Gon.Par.2.13,3,1,5,3.992,NA
158,9,Hot,4,1,Switzer,Goniastrea retiformis,Gon.Swi.10,13,Gon.Swi.10.13,3,1,6,3.271,NA
159,9,Hot,4,5,Switzer,Goniastrea retiformis,Gon.Swi.12,14,Gon.Swi.12.14,3,1,6,3.732,NA
160,9,Hot,4,6,Switzer,Goniastrea retiformis,Gon.Swi.6,15,Gon.Swi.6.15,3,1,5,2.756,NA
161,9,Hot,4,7,Parke,Goniastrea retiformis,Gon.Par.2,14,Gon.Par.2.14,3,1,4,3.017,NA
162,9,Hot,4,10,Parke,Goniastrea retiformis,Gon.Par.3,14,Gon.Par.3.14,3,1,4,3.94,NA
163,9,Hot,4,11,Switzer,Goniastrea retiformis,Gon.Swi.11,15,Gon.Swi.11.15,3,1,5,4.592,NA
164,9,Hot,5,1,Switzer,Goniastrea retiformis,Gon.Swi.7,16,Gon.Swi.7.16,3,1,5,2.641,NA
165,9,Hot,5,2,Jewell,Goniastrea retiformis,Gon.Jew.6,9,Gon.Jew.6.9,3,1,2,3.065,NA
166,9,Hot,5,4,Parke,Goniastrea retiformis,Gon.Par.7,16,Gon.Par.7.16,3,1,4,2.894,NA
167,9,Hot,5,7,Parke,Goniastrea retiformis,Gon.Par.6,15,Gon.Par.6.15,3,1,3,3.689,NA
168,9,Hot,5,9,Jewell,Goniastrea retiformis,Gon.Jew.8,13,Gon.Jew.8.13,3,1,1,1.872,NA
169,9,Hot,5,10,Parke,Goniastrea retiformis,Gon.Par.8,18,Gon.Par.8.18,3,1,3,2.3,NA
170,9,Hot,6,2,Jewell,Goniastrea retiformis,Gon.Jew.10,16,Gon.Jew.10.16,3,1,2,2.124,NA
171,9,Hot,6,4,Jewell,Goniastrea retiformis,Gon.Jew.8,14,Gon.Jew.8.14,3,1,1,1.969,NA
172,9,Hot,6,6,Switzer,Goniastrea retiformis,Gon.Swi.11,16,Gon.Swi.11.16,3,1,5,2.602,NA
173,9,Hot,6,9,Switzer,Goniastrea retiformis,Gon.Swi.6,16,Gon.Swi.6.16,3,1,5,3.245,NA
174,12,Hot,1,2,Switzer,Goniastrea retiformis,Gon.Swi.6,20,Gon.Swi.6.20,3,1,5,3.142,NA
175,12,Hot,1,5,Jewell,Goniastrea retiformis,Gon.Jew.11,20,Gon.Jew.11.20,3,1,1,4.896,NA
176,12,Hot,2,1,Jewell,Goniastrea retiformis,Gon.Jew.10,19,Gon.Jew.10.19,3,1,1,2.205,NA
177,12,Hot,2,4,Switzer,Goniastrea retiformis,Gon.Swi.7,19,Gon.Swi.7.19,3,1,4,2.736,NA
178,12,Hot,2,9,Jewell,Goniastrea retiformis,Gon.Jew.10,20,Gon.Jew.10.20,3,1,2,2.829,NA
179,12,Hot,2,10,Parke,Goniastrea retiformis,Gon.Par.6,18,Gon.Par.6.18,3,1,3,2.921,NA
180,12,Hot,2,11,Parke,Goniastrea retiformis,Gon.Par.6,19,Gon.Par.6.19,3,1,6,4.715,NA
181,12,Hot,3,3,Switzer,Goniastrea retiformis,Gon.Swi.12,19,Gon.Swi.12.19,3,1,6,4.097,NA
182,12,Hot,3,7,Switzer,Goniastrea retiformis,Gon.Swi.11,20,Gon.Swi.11.20,3,1,5,3.392,NA
183,12,Hot,3,8,Switzer,Goniastrea retiformis,Gon.Swi.12,20,Gon.Swi.12.20,3,1,6,3.81,NA
184,12,Hot,3,11,Parke,Goniastrea retiformis,Gon.Par.8,20,Gon.Par.8.20,3,1,3,3.144,NA
185,12,Hot,4,2,Jewell,Goniastrea retiformis,Gon.Jew.8,19,Gon.Jew.8.19,3,1,2,2.069,NA
186,12,Hot,4,5,Switzer,Goniastrea retiformis,Gon.Swi.10,18,Gon.Swi.10.18,3,1,6,2.518,NA
187,12,Hot,4,9,Switzer,Goniastrea retiformis,Gon.Swi.7,20,Gon.Swi.7.20,3,1,4,2.642,NA
188,12,Hot,4,10,Jewell,Goniastrea retiformis,Gon.Jew.6,12,Gon.Jew.6.12,3,1,3,4.556,NA
189,12,Hot,5,1,Switzer,Goniastrea retiformis,Gon.Swi.5,14,Gon.Swi.5.14,3,1,6,2.397,NA
190,12,Hot,5,3,Parke,Goniastrea retiformis,Gon.Par.2,19,Gon.Par.2.19,3,1,3,3.994,NA
191,12,Hot,5,7,Parke,Goniastrea retiformis,Gon.Par.3,19,Gon.Par.3.19,3,1,4,2.755,NA
192,12,Hot,5,10,Switzer,Goniastrea retiformis,Gon.Swi.10,19,Gon.Swi.10.19,3,1,6,4.941,NA
193,12,Hot,6,1,Parke,Goniastrea retiformis,Gon.Par.7,20,Gon.Par.7.20,3,1,3,2.604,NA
194,12,Hot,6,6,Parke,Goniastrea retiformis,Gon.Par.2,20,Gon.Par.2.20,3,1,4,3.217,NA
195,12,Hot,6,10,Jewell,Goniastrea retiformis,Gon.Jew.8,20,Gon.Jew.8.20,3,1,2,2.7,NA
196,1,Ambient,1,1,Davies,Acropora tenuis,Ten.Dav.6,1,Ten.Dav.6.1,0,1,4,3.891,NA
197,1,Ambient,1,2,Davies,Acropora tenuis,Ten.Dav.D1,1,Ten.Dav.D1.1,0,1,4,4.365,NA
198,1,Ambient,1,3,Parke,Goniastrea retiformis,Gon.Par.7,1,Gon.Par.7.1,0,1,6,3.345,NA
199,1,Ambient,1,4,Palms,Acropora tenuis,Ten.Pal.6,1,Ten.Pal.6.1,0,1,3,2.996,NA
200,1,Ambient,1,5,Jewell,Acropora tenuis,Ten.Jew.7,1,Ten.Jew.7.1,0,1,4,2.324,NA
201,1,Ambient,1,6,Davies,Acropora hyacinthus,Hya.Dav.3,1,Hya.Dav.3.1,0,1,4,3.719,NA
202,1,Ambient,1,7,Jewell,Goniastrea retiformis,Gon.Jew.8,1,Gon.Jew.8.1,0,1,6,2.945,NA
203,1,Ambient,1,8,Davies,Acropora tenuis,Ten.Dav.1,1,Ten.Dav.1.1,0,1,3,3.23,NA
204,1,Ambient,1,9,Davies,Acropora tenuis,Ten.Dav.12,1,Ten.Dav.12.1,0,1,4,3.742,NA
205,1,Ambient,1,10,Parke,Goniastrea retiformis,Gon.Par.6,1,Gon.Par.6.1,0,1,6,3.773,NA
206,1,Ambient,1,11,Davies,Acropora tenuis,Ten.Dav.12,13,Ten.Dav.12.13,0,1,4,4.998,NA
207,1,Ambient,2,1,Palms,Acropora tenuis,Ten.Pal.1,1,Ten.Pal.1.1,0,1,4,5.463,NA
208,1,Ambient,2,2,Switzer,Goniastrea retiformis,Gon.Swi.7,1,Gon.Swi.7.1,0,1,5,2.891,NA
209,1,Ambient,2,3,Jewell,Acropora hyacinthus,Hya.Jew.3,1,Hya.Jew.3.1,0,1,5,8.406,NA
210,1,Ambient,2,4,Parke,Acropora tenuis,Ten.Par.5,1,Ten.Par.5.1,0,1,4,5.838,NA
211,1,Ambient,2,5,Davies,Acropora hyacinthus,Hya.Dav.8,1,Hya.Dav.8.1,0,1,3,6.054,NA
212,1,Ambient,2,6,Davies,Acropora tenuis,Ten.Dav.1,2,Ten.Dav.1.2,0,1,4,2.858,NA
213,1,Ambient,2,7,Davies,Acropora tenuis,Ten.Dav.9,1,Ten.Dav.9.1,0,1,4,3.179,NA
214,1,Ambient,2,8,Switzer,Goniastrea retiformis,Gon.Swi.11,1,Gon.Swi.11.1,0,1,5,2.559,NA
215,1,Ambient,2,10,Switzer,Goniastrea retiformis,Gon.Swi.12,1,Gon.Swi.12.1,0,1,6,2.512,NA
216,1,Ambient,2,11,Parke,Goniastrea retiformis,Gon.Par.3,1,Gon.Par.3.1,0,1,6,2.767,NA
217,1,Ambient,3,1,Switzer,Acropora hyacinthus,Hya.Swi.2,1,Hya.Swi.2.1,0,1,5,5.326,NA
218,1,Ambient,3,2,Parke,Acropora tenuis,Ten.Par.5,2,Ten.Par.5.2,0,1,2,3.303,NA
219,1,Ambient,3,3,Switzer,Goniastrea retiformis,Gon.Swi.6,1,Gon.Swi.6.1,0,1,5,1.871,NA
220,1,Ambient,3,4,Switzer,Acropora hyacinthus,Hya.Swi.2,2,Hya.Swi.2.2,0,1,5,4.789,NA
221,1,Ambient,3,5,Parke,Acropora tenuis,Ten.Par.2,21,Ten.Par.2.21,0,1,2,5.04,NA
222,1,Ambient,3,6,Palms,Acropora tenuis,Ten.Pal.1,2,Ten.Pal.1.2,0,1,4,2.798,NA
223,1,Ambient,3,7,Davies,Acropora tenuis,Ten.Dav.13,1,Ten.Dav.13.1,0,1,4,2.129,NA
224,1,Ambient,3,8,Parke,Goniastrea retiformis,Gon.Par.6,2,Gon.Par.6.2,0,1,5,2.151,NA
225,1,Ambient,3,9,Palms,Acropora tenuis,Ten.Pal.6,2,Ten.Pal.6.2,0,1,4,1.683,NA
226,1,Ambient,3,10,Parke,Goniastrea retiformis,Gon.Par.8,1,Gon.Par.8.1,0,1,5,2.365,NA
227,1,Ambient,3,11,Davies,Acropora tenuis,Ten.Dav.10,1,Ten.Dav.10.1,0,1,4,3.459,NA
228,1,Ambient,4,1,Jewell,Acropora tenuis,Ten.Jew.6,1,Ten.Jew.6.1,0,1,4,4.221,NA
229,1,Ambient,4,2,Switzer,Goniastrea retiformis,Gon.Swi.5,1,Gon.Swi.5.1,0,1,5,2.786,NA
230,1,Ambient,4,3,Jewell,Goniastrea retiformis,Gon.Jew.11,1,Gon.Jew.11.1,0,1,5,2.508,NA
231,1,Ambient,4,4,Davies,Acropora tenuis,Ten.Dav.9,2,Ten.Dav.9.2,0,1,4,4.249,NA
232,1,Ambient,4,5,Parke,Goniastrea retiformis,Gon.Par.3,2,Gon.Par.3.2,0,1,6,3.814,NA
233,1,Ambient,4,6,Parke,Goniastrea retiformis,Gon.Par.8,2,Gon.Par.8.2,0,1,5,2.105,NA
234,1,Ambient,4,7,Switzer,Goniastrea retiformis,Gon.Swi.6,2,Gon.Swi.6.2,0,1,5,2.935,NA
235,1,Ambient,4,8,Jewell,Acropora tenuis,Ten.Jew.6,2,Ten.Jew.6.2,0,1,3,2.393,NA
236,1,Ambient,4,9,Davies,Acropora hyacinthus,Hya.Dav.11,1,Hya.Dav.11.1,0,1,3,5.085,NA
237,1,Ambient,4,10,Jewell,Goniastrea retiformis,Gon.Jew.6,1,Gon.Jew.6.1,0,1,4,2.751,NA
238,1,Ambient,4,11,Switzer,Goniastrea retiformis,Gon.Swi.10,1,Gon.Swi.10.1,0,1,6,3.224,NA
239,1,Ambient,5,1,Switzer,Goniastrea retiformis,Gon.Swi.7,2,Gon.Swi.7.2,0,1,6,3.435,NA
240,1,Ambient,5,2,Parke,Acropora tenuis,Ten.Par.2,1,Ten.Par.2.1,0,1,2,2.12,NA
241,1,Ambient,5,3,Parke,Goniastrea retiformis,Gon.Par.8,3,Gon.Par.8.3,0,1,5,2.179,NA
242,1,Ambient,5,4,Davies,Acropora hyacinthus,Hya.Dav.8,2,Hya.Dav.8.2,0,1,3,6.276,NA
243,1,Ambient,5,5,Switzer,Goniastrea retiformis,Gon.Swi.11,2,Gon.Swi.11.2,0,1,5,2.291,NA
244,1,Ambient,5,6,Jewell,Acropora hyacinthus,Hya.Jew.3,2,Hya.Jew.3.2,0,1,4,3.314,NA
245,1,Ambient,5,7,Parke,Goniastrea retiformis,Gon.Par.8,4,Gon.Par.8.4,0,1,5,2.288,NA
246,1,Ambient,5,8,Parke,Goniastrea retiformis,Gon.Par.7,2,Gon.Par.7.2,0,1,6,3.78,NA
247,1,Ambient,5,9,Davies,Acropora hyacinthus,Hya.Dav.4,1,Hya.Dav.4.1,0,1,3,2.895,NA
248,1,Ambient,5,10,Davies,Acropora tenuis,Ten.Dav.10,2,Ten.Dav.10.2,0,1,3,4.786,NA
249,1,Ambient,5,11,Davies,Acropora hyacinthus,Hya.Dav.12,1,Hya.Dav.12.1,0,1,3,2.328,NA
250,1,Ambient,6,1,Davies,Acropora hyacinthus,Hya.Dav.11,2,Hya.Dav.11.2,0,1,2,3.307,NA
251,1,Ambient,6,2,Davies,Acropora tenuis,Ten.Dav.D1,2,Ten.Dav.D1.2,0,1,4,4.575,NA
252,1,Ambient,6,3,Jewell,Acropora tenuis,Ten.Jew.7,20,Ten.Jew.7.20,0,1,4,3.495,NA
253,1,Ambient,6,4,Jewell,Acropora hyacinthus,Hya.Jew.7,1,Hya.Jew.7.1,0,1,2,3.316,NA
254,1,Ambient,6,5,Jewell,Goniastrea retiformis,Gon.Jew.10,1,Gon.Jew.10.1,0,1,3,3.274,NA
255,1,Ambient,6,6,Davies,Acropora tenuis,Ten.Dav.8,1,Ten.Dav.8.1,0,1,3,2.795,NA
256,1,Ambient,6,7,Parke,Goniastrea retiformis,Gon.Par.2,1,Gon.Par.2.1,0,1,5,2.815,NA
257,1,Ambient,6,8,Palms,Acropora tenuis,Ten.Pal.3,1,Ten.Pal.3.1,0,1,3,2.518,NA
258,1,Ambient,6,9,Jewell,Goniastrea retiformis,Gon.Jew.10,2,Gon.Jew.10.2,0,1,4,3.042,NA
259,1,Ambient,6,11,Jewell,Goniastrea retiformis,Gon.Jew.7,1,Gon.Jew.7.1,0,1,6,2.312,NA
260,2,Ambient,1,1,Switzer,Acropora hyacinthus,Hya.Swi.2,3,Hya.Swi.2.3,0,1,4,3.828,NA
261,2,Ambient,1,2,Davies,Acropora tenuis,Ten.Dav.10,3,Ten.Dav.10.3,0,1,3,3.084,NA
262,2,Ambient,1,3,Parke,Goniastrea retiformis,Gon.Par.3,3,Gon.Par.3.3,0,1,5,5.243,NA
263,2,Ambient,1,4,Switzer,Goniastrea retiformis,Gon.Swi.7,3,Gon.Swi.7.3,0,1,5,4.51,NA
264,2,Ambient,1,5,Davies,Acropora hyacinthus,Hya.Dav.8,3,Hya.Dav.8.3,0,1,2,3.198,NA
265,2,Ambient,1,6,Jewell,Acropora hyacinthus,Hya.Jew.3,3,Hya.Jew.3.3,0,1,3,7.462,NA
266,2,Ambient,1,7,Parke,Goniastrea retiformis,Gon.Par.6,3,Gon.Par.6.3,0,1,6,3.652,NA
267,2,Ambient,1,8,Davies,Acropora tenuis,Ten.Dav.9,3,Ten.Dav.9.3,0,1,3,2.497,NA
268,2,Ambient,1,9,Switzer,Goniastrea retiformis,Gon.Swi.11,3,Gon.Swi.11.3,0,1,4,2.59,NA
269,2,Ambient,1,10,Jewell,Goniastrea retiformis,Gon.Jew.10,3,Gon.Jew.10.3,0,1,4,3.269,NA
270,2,Ambient,1,11,Parke,Acropora tenuis,Ten.Par.2,2,Ten.Par.2.2,0,1,2,2.218,NA
271,2,Ambient,2,1,Switzer,Goniastrea retiformis,Gon.Swi.7,4,Gon.Swi.7.4,0,1,6,4.005,NA
272,2,Ambient,2,2,Jewell,Goniastrea retiformis,Gon.Jew.8,2,Gon.Jew.8.2,0,1,6,2.489,NA
273,2,Ambient,2,3,Parke,Goniastrea retiformis,Gon.Par.7,3,Gon.Par.7.3,0,1,6,4.752,NA
274,2,Ambient,2,4,Davies,Acropora tenuis,Ten.Dav.6,2,Ten.Dav.6.2,0,1,5,4.69,NA
275,2,Ambient,2,5,Parke,Acropora tenuis,Ten.Par.5,3,Ten.Par.5.3,0,1,3,3.702,NA
276,2,Ambient,2,6,Davies,Acropora tenuis,Ten.Dav.13,2,Ten.Dav.13.2,0,1,4,2.343,NA
277,2,Ambient,2,8,Davies,Acropora tenuis,Ten.Dav.1,3,Ten.Dav.1.3,0,1,4,2.418,NA
278,2,Ambient,2,9,Davies,Acropora tenuis,Ten.Dav.9,4,Ten.Dav.9.4,0,1,2,2.013,NA
279,2,Ambient,2,10,Davies,Acropora tenuis,Ten.Dav.12,16,Ten.Dav.12.16,0,1,4,2.344,NA
280,2,Ambient,2,11,Jewell,Acropora tenuis,Ten.Jew.5,2,Ten.Jew.5.2,0,1,3,5.256,NA
281,2,Ambient,3,1,Jewell,Acropora tenuis,Ten.Jew.5,3,Ten.Jew.5.3,0,1,3,3.732,NA
282,2,Ambient,3,2,Switzer,Goniastrea retiformis,Gon.Swi.6,3,Gon.Swi.6.3,0,1,4,2.63,NA
283,2,Ambient,3,3,Davies,Acropora hyacinthus,Hya.Dav.12,2,Hya.Dav.12.2,0,1,4,4.286,NA
284,2,Ambient,3,4,Jewell,Acropora hyacinthus,Hya.Jew.3,4,Hya.Jew.3.4,0,1,3,4.227,NA
285,2,Ambient,3,5,Jewell,Goniastrea retiformis,Gon.Jew.11,2,Gon.Jew.11.2,0,1,6,3.488,NA
286,2,Ambient,3,6,Davies,Acropora hyacinthus,Hya.Dav.3,2,Hya.Dav.3.2,0,1,2,2.881,NA
287,2,Ambient,3,7,Jewell,Goniastrea retiformis,Gon.Jew.6,2,Gon.Jew.6.2,0,1,6,2.543,NA
288,2,Ambient,3,8,Jewell,Goniastrea retiformis,Gon.Jew.10,4,Gon.Jew.10.4,0,1,4,2.059,NA
289,2,Ambient,3,9,Davies,Acropora hyacinthus,Hya.Dav.4,2,Hya.Dav.4.2,0,1,4,4.027,NA
290,2,Ambient,3,10,Palms,Acropora tenuis,Ten.Pal.1,3,Ten.Pal.1.3,0,1,4,2.316,NA
291,2,Ambient,3,11,Parke,Goniastrea retiformis,Gon.Par.2,2,Gon.Par.2.2,0,1,4,3.539,NA
292,2,Ambient,4,1,Parke,Acropora tenuis,Ten.Par.5,4,Ten.Par.5.4,0,1,2,6.791,NA
293,2,Ambient,4,2,Parke,Goniastrea retiformis,Gon.Par.3,4,Gon.Par.3.4,0,1,5,3.195,NA
294,2,Ambient,4,3,Palms,Acropora tenuis,Ten.Pal.1,4,Ten.Pal.1.4,0,1,4,4.434,NA
295,2,Ambient,4,4,Switzer,Goniastrea retiformis,Gon.Swi.12,2,Gon.Swi.12.2,0,1,5,3.093,NA
296,2,Ambient,4,5,Davies,Acropora tenuis,Ten.Dav.10,4,Ten.Dav.10.4,0,1,2,2.45,NA
297,2,Ambient,4,6,Palms,Acropora tenuis,Ten.Pal.3,2,Ten.Pal.3.2,0,1,3,2.859,NA
298,2,Ambient,4,7,Jewell,Acropora hyacinthus,Hya.Jew.7,2,Hya.Jew.7.2,0,1,3,6.009,NA
299,2,Ambient,4,8,Jewell,Acropora tenuis,Ten.Jew.6,3,Ten.Jew.6.3,0,1,3,4.457,NA
300,2,Ambient,4,9,Jewell,Acropora tenuis,Ten.Jew.7,2,Ten.Jew.7.2,0,1,4,3.334,NA
301,2,Ambient,4,10,Switzer,Goniastrea retiformis,Gon.Swi.10,2,Gon.Swi.10.2,0,1,4,1.996,NA
302,2,Ambient,4,11,Davies,Acropora tenuis,Ten.Dav.8,2,Ten.Dav.8.2,0,1,3,1.788,NA
303,2,Ambient,5,2,Switzer,Goniastrea retiformis,Gon.Swi.11,4,Gon.Swi.11.4,0,1,4,1.742,NA
304,2,Ambient,5,3,Switzer,Acropora hyacinthus,Hya.Swi.2,4,Hya.Swi.2.4,0,1,4,4.614,NA
305,2,Ambient,5,4,Jewell,Goniastrea retiformis,Gon.Jew.7,2,Gon.Jew.7.2,0,1,5,3.018,NA
306,2,Ambient,5,5,Davies,Acropora tenuis,Ten.Dav.D1,3,Ten.Dav.D1.3,0,1,5,3.19,NA
307,2,Ambient,5,6,Parke,Goniastrea retiformis,Gon.Par.8,5,Gon.Par.8.5,0,1,4,1.977,NA
308,2,Ambient,5,7,Palms,Acropora tenuis,Ten.Pal.6,3,Ten.Pal.6.3,0,1,4,2.934,NA
309,2,Ambient,5,8,Davies,Acropora hyacinthus,Hya.Dav.12,16,Hya.Dav.12.16,0,1,4,4.548,NA
310,2,Ambient,5,9,Davies,Acropora hyacinthus,Hya.Dav.11,3,Hya.Dav.11.3,0,1,2,3.583,NA
311,2,Ambient,5,10,Davies,Acropora tenuis,Ten.Dav.6,3,Ten.Dav.6.3,0,1,5,3.375,NA
312,2,Ambient,5,11,Parke,Goniastrea retiformis,Gon.Par.8,6,Gon.Par.8.6,0,1,5,2.189,NA
313,2,Ambient,6,2,Jewell,Acropora tenuis,Ten.Jew.7,3,Ten.Jew.7.3,0,1,3,3.715,NA
314,2,Ambient,6,3,Jewell,Acropora tenuis,Ten.Jew.6,4,Ten.Jew.6.4,0,1,3,4.23,NA
315,2,Ambient,6,4,Switzer,Goniastrea retiformis,Gon.Swi.5,2,Gon.Swi.5.2,0,1,5,2.362,NA
316,2,Ambient,6,5,Davies,Acropora tenuis,Ten.Dav.1,4,Ten.Dav.1.4,0,1,4,2.458,NA
317,2,Ambient,6,6,Parke,Goniastrea retiformis,Gon.Par.7,4,Gon.Par.7.4,0,1,6,3.947,NA
318,2,Ambient,6,7,Palms,Acropora tenuis,Ten.Pal.3,3,Ten.Pal.3.3,0,1,3,2.006,NA
319,2,Ambient,6,8,Jewell,Goniastrea retiformis,Gon.Jew.11,3,Gon.Jew.11.3,0,1,5,3.013,NA
320,2,Ambient,6,9,Davies,Acropora tenuis,Ten.Dav.12,2,Ten.Dav.12.2,0,1,4,2.796,NA
321,2,Ambient,6,11,Switzer,Goniastrea retiformis,Gon.Swi.6,4,Gon.Swi.6.4,0,1,5,2.295,NA
322,3,Ambient,1,1,Davies,Acropora hyacinthus,Hya.Dav.12,3,Hya.Dav.12.3,0,1,4,3.798,NA
323,3,Ambient,1,3,Jewell,Goniastrea retiformis,Gon.Jew.7,3,Gon.Jew.7.3,0,1,6,1.828,NA
324,3,Ambient,1,4,Palms,Acropora tenuis,Ten.Pal.3,4,Ten.Pal.3.4,0,1,4,1.919,NA
325,3,Ambient,1,5,Parke,Goniastrea retiformis,Gon.Par.6,4,Gon.Par.6.4,0,1,6,3.205,NA
326,3,Ambient,1,6,Davies,Acropora hyacinthus,Hya.Dav.11,5,Hya.Dav.11.5,0,1,2,3.12,NA
327,3,Ambient,1,7,Jewell,Goniastrea retiformis,Gon.Jew.6,3,Gon.Jew.6.3,0,1,6,3.056,NA
328,3,Ambient,1,8,Davies,Acropora tenuis,Ten.Dav.9,5,Ten.Dav.9.5,0,1,5,3.878,NA
329,3,Ambient,1,10,Switzer,Goniastrea retiformis,Gon.Swi.12,3,Gon.Swi.12.3,0,1,5,3.915,NA
330,3,Ambient,2,1,Switzer,Goniastrea retiformis,Gon.Swi.7,5,Gon.Swi.7.5,0,1,6,3.455,NA
331,3,Ambient,2,2,Parke,Acropora tenuis,Ten.Par.2,3,Ten.Par.2.3,0,1,2,4.819,NA
332,3,Ambient,2,3,Davies,Acropora tenuis,Ten.Dav.6,4,Ten.Dav.6.4,0,1,3,2.953,NA
333,3,Ambient,2,4,Jewell,Acropora hyacinthus,Hya.Jew.3,5,Hya.Jew.3.5,0,1,5,4.96,NA
334,3,Ambient,2,5,Jewell,Acropora tenuis,Ten.Jew.5,4,Ten.Jew.5.4,0,1,4,3.008,NA
335,3,Ambient,2,6,Switzer,Goniastrea retiformis,Gon.Swi.5,3,Gon.Swi.5.3,0,1,6,3.153,NA
336,3,Ambient,2,7,Jewell,Acropora hyacinthus,Hya.Jew.7,12,Hya.Jew.7.12,0,1,4,4.226,NA
337,3,Ambient,2,8,Jewell,Acropora tenuis,Ten.Jew.6,5,Ten.Jew.6.5,0,1,4,2.758,NA
338,3,Ambient,2,9,Switzer,Goniastrea retiformis,Gon.Swi.6,5,Gon.Swi.6.5,0,1,5,2.655,NA
339,3,Ambient,2,10,Switzer,Goniastrea retiformis,Gon.Swi.6,6,Gon.Swi.6.6,0,1,5,3.07,NA
340,3,Ambient,2,11,Switzer,Goniastrea retiformis,Gon.Swi.11,5,Gon.Swi.11.5,0,1,6,3.899,NA
341,3,Ambient,3,1,Davies,Acropora hyacinthus,Hya.Dav.8,4,Hya.Dav.8.4,0,1,3,2.299,NA
342,3,Ambient,3,2,Davies,Acropora tenuis,Ten.Dav.13,3,Ten.Dav.13.3,0,1,5,4.238,NA
343,3,Ambient,3,3,Jewell,Acropora tenuis,Ten.Jew.7,4,Ten.Jew.7.4,0,1,4,3.531,NA
344,3,Ambient,3,4,Parke,Acropora tenuis,Ten.Par.5,5,Ten.Par.5.5,0,1,4,3.689,NA
345,3,Ambient,3,5,Parke,Goniastrea retiformis,Gon.Par.7,5,Gon.Par.7.5,0,1,6,4.346,NA
346,3,Ambient,3,6,Jewell,Acropora tenuis,Ten.Jew.5,5,Ten.Jew.5.5,0,1,4,4.364,NA
347,3,Ambient,3,7,Parke,Acropora tenuis,Ten.Par.5,6,Ten.Par.5.6,0,1,3,3.007,NA
348,3,Ambient,3,8,Davies,Acropora tenuis,Ten.Dav.12,13,Ten.Dav.12.13,0,1,5,5.014,NA
349,3,Ambient,3,9,Switzer,Acropora hyacinthus,Hya.Swi.2,5,Hya.Swi.2.5,0,1,5,4.287,NA
350,3,Ambient,3,11,Jewell,Acropora hyacinthus,Hya.Jew.7,3,Hya.Jew.7.3,0,1,4,5.443,NA
351,3,Ambient,4,1,Davies,Acropora tenuis,Ten.Dav.1,5,Ten.Dav.1.5,0,1,5,4.186,NA
352,3,Ambient,4,2,Switzer,Goniastrea retiformis,Gon.Swi.10,3,Gon.Swi.10.3,0,1,6,3.407,NA
353,3,Ambient,4,3,Palms,Acropora tenuis,Ten.Pal.1,5,Ten.Pal.1.5,0,1,5,4.004,NA
354,3,Ambient,4,4,Switzer,Goniastrea retiformis,Gon.Swi.12,4,Gon.Swi.12.4,0,1,6,4.05,NA
355,3,Ambient,4,5,Jewell,Goniastrea retiformis,Gon.Jew.8,3,Gon.Jew.8.3,0,1,6,2.887,NA
356,3,Ambient,4,6,Davies,Acropora hyacinthus,Hya.Dav.4,3,Hya.Dav.4.3,0,1,5,3.981,NA
357,3,Ambient,4,7,Parke,Goniastrea retiformis,Gon.Par.2,3,Gon.Par.2.3,0,1,6,3.184,NA
358,3,Ambient,4,8,Jewell,Acropora hyacinthus,Hya.Jew.3,6,Hya.Jew.3.6,0,1,4,5.455,NA
359,3,Ambient,4,9,Parke,Goniastrea retiformis,Gon.Par.3,5,Gon.Par.3.5,0,1,6,3.063,NA
360,3,Ambient,4,10,Jewell,Acropora tenuis,Ten.Jew.6,6,Ten.Jew.6.6,0,1,4,3.88,NA
361,3,Ambient,4,11,Switzer,Acropora hyacinthus,Hya.Swi.2,20,Hya.Swi.2.20,0,1,6,3.177,NA
362,3,Ambient,5,1,Jewell,Goniastrea retiformis,Gon.Jew.8,4,Gon.Jew.8.4,0,1,6,3.642,NA
363,3,Ambient,5,2,Parke,Goniastrea retiformis,Gon.Par.6,5,Gon.Par.6.5,0,1,6,4.56,NA
364,3,Ambient,5,3,Davies,Acropora tenuis,Ten.Dav.12,3,Ten.Dav.12.3,0,1,5,4.146,NA
365,3,Ambient,5,4,Davies,Acropora hyacinthus,Hya.Dav.11,6,Hya.Dav.11.6,0,1,2,3.805,NA
366,3,Ambient,5,5,Davies,Acropora tenuis,Ten.Dav.6,5,Ten.Dav.6.5,0,1,5,3.834,NA
367,3,Ambient,5,6,Switzer,Goniastrea retiformis,Gon.Swi.7,6,Gon.Swi.7.6,0,1,6,2.134,NA
368,3,Ambient,5,7,Jewell,Goniastrea retiformis,Gon.Jew.11,4,Gon.Jew.11.4,0,1,6,3.686,NA
369,3,Ambient,5,8,Davies,Acropora tenuis,Ten.Dav.D1,4,Ten.Dav.D1.4,0,1,6,3.639,NA
370,3,Ambient,5,9,Jewell,Acropora tenuis,Ten.Jew.7,5,Ten.Jew.7.5,0,1,3,3.874,NA
371,3,Ambient,5,10,Switzer,Goniastrea retiformis,Gon.Swi.10,4,Gon.Swi.10.4,0,1,6,3.33,NA
372,3,Ambient,5,11,Davies,Acropora tenuis,Ten.Dav.1,6,Ten.Dav.1.6,0,1,4,2.136,NA
373,3,Ambient,6,1,Davies,Acropora tenuis,Ten.Dav.10,5,Ten.Dav.10.5,0,1,4,2.482,NA
374,3,Ambient,6,2,Davies,Acropora tenuis,Ten.Dav.13,4,Ten.Dav.13.4,0,1,5,3.015,NA
375,3,Ambient,6,3,Parke,Goniastrea retiformis,Gon.Par.2,4,Gon.Par.2.4,0,1,6,3.493,NA
376,3,Ambient,6,4,Davies,Acropora hyacinthus,Hya.Dav.3,3,Hya.Dav.3.3,0,1,5,4.705,NA
377,3,Ambient,6,5,Parke,Acropora tenuis,Ten.Par.2,4,Ten.Par.2.4,0,1,2,2.956,NA
378,3,Ambient,6,6,Parke,Goniastrea retiformis,Gon.Par.3,6,Gon.Par.3.6,0,1,6,2.902,NA
379,3,Ambient,6,7,Palms,Acropora tenuis,Ten.Pal.1,6,Ten.Pal.1.6,0,1,5,3.183,NA
380,3,Ambient,6,8,Switzer,Goniastrea retiformis,Gon.Swi.11,6,Gon.Swi.11.6,0,1,4,2.267,NA
381,3,Ambient,6,9,Jewell,Goniastrea retiformis,Gon.Jew.10,5,Gon.Jew.10.5,0,1,6,2.498,NA
382,3,Ambient,6,10,Parke,Goniastrea retiformis,Gon.Par.7,6,Gon.Par.7.6,0,1,6,2.486,NA
383,3,Ambient,6,11,Jewell,Goniastrea retiformis,Gon.Jew.11,5,Gon.Jew.11.5,0,1,5,2.679,NA
384,4,Ambient,1,1,Davies,Acropora tenuis,Ten.Dav.13,5,Ten.Dav.13.5,0,1,5,4.704,NA
385,4,Ambient,1,2,Switzer,Goniastrea retiformis,Gon.Swi.5,4,Gon.Swi.5.4,0,1,6,3.424,NA
386,4,Ambient,1,3,Davies,Acropora tenuis,Ten.Dav.12,4,Ten.Dav.12.4,0,1,4,2.741,NA
387,4,Ambient,1,4,Jewell,Goniastrea retiformis,Gon.Jew.7,13,Gon.Jew.7.13,0,1,6,2.58,NA
388,4,Ambient,1,5,Davies,Acropora tenuis,Ten.Dav.1,7,Ten.Dav.1.7,0,1,4,2.871,NA
389,4,Ambient,1,7,Davies,Acropora tenuis,Ten.Dav.1,8,Ten.Dav.1.8,0,1,5,4.754,NA
390,4,Ambient,1,9,Jewell,Goniastrea retiformis,Gon.Jew.11,6,Gon.Jew.11.6,0,1,6,2.899,NA
391,4,Ambient,1,10,Jewell,Goniastrea retiformis,Gon.Jew.8,5,Gon.Jew.8.5,0,1,6,3.275,NA
392,4,Ambient,1,11,Davies,Acropora tenuis,Ten.Dav.10,6,Ten.Dav.10.6,0,1,3,3.777,NA
393,4,Ambient,2,1,Jewell,Acropora tenuis,Ten.Jew.5,6,Ten.Jew.5.6,0,1,3,3.962,NA
394,4,Ambient,2,2,Parke,Goniastrea retiformis,Gon.Par.6,6,Gon.Par.6.6,0,1,6,3.625,NA
395,4,Ambient,2,4,Switzer,Goniastrea retiformis,Gon.Swi.12,5,Gon.Swi.12.5,0,1,6,2.982,NA
396,4,Ambient,2,5,Davies,Acropora hyacinthus,Hya.Dav.4,4,Hya.Dav.4.4,0,1,5,4.261,NA
397,4,Ambient,2,6,Parke,Goniastrea retiformis,Gon.Par.8,7,Gon.Par.8.7,0,1,6,2.154,NA
398,4,Ambient,2,7,Jewell,Acropora hyacinthus,Hya.Jew.7,4,Hya.Jew.7.4,0,1,2,2.66,NA
399,4,Ambient,2,8,Switzer,Goniastrea retiformis,Gon.Swi.7,7,Gon.Swi.7.7,0,1,6,2.631,NA
400,4,Ambient,2,9,Jewell,Acropora tenuis,Ten.Jew.6,7,Ten.Jew.6.7,0,1,3,5.22,NA
401,4,Ambient,2,10,Parke,Goniastrea retiformis,Gon.Par.2,5,Gon.Par.2.5,0,1,5,3.697,NA
402,4,Ambient,3,1,Palms,Acropora tenuis,Ten.Pal.1,7,Ten.Pal.1.7,0,1,5,4.751,NA
403,4,Ambient,3,2,Davies,Acropora tenuis,Ten.Dav.6,6,Ten.Dav.6.6,0,1,6,6.977,NA
404,4,Ambient,3,3,Jewell,Goniastrea retiformis,Gon.Jew.10,6,Gon.Jew.10.6,0,1,5,2.291,NA
405,4,Ambient,3,4,Switzer,Goniastrea retiformis,Gon.Swi.10,5,Gon.Swi.10.5,0,1,6,3.251,NA
406,4,Ambient,3,5,Switzer,Goniastrea retiformis,Gon.Swi.12,6,Gon.Swi.12.6,0,1,6,3.92,NA
407,4,Ambient,3,6,Parke,Goniastrea retiformis,Gon.Par.7,7,Gon.Par.7.7,0,1,5,2.589,NA
408,4,Ambient,3,7,Jewell,Acropora hyacinthus,Hya.Jew.3,7,Hya.Jew.3.7,0,1,5,4.051,NA
409,4,Ambient,3,8,Parke,Goniastrea retiformis,Gon.Par.2,6,Gon.Par.2.6,0,1,6,3.91,NA
410,4,Ambient,3,9,Parke,Acropora tenuis,Ten.Par.5,7,Ten.Par.5.7,0,1,2,2.444,NA
411,4,Ambient,3,10,Parke,Goniastrea retiformis,Gon.Par.3,7,Gon.Par.3.7,0,1,6,3.185,NA
412,4,Ambient,3,11,Switzer,Acropora hyacinthus,Hya.Swi.2,6,Hya.Swi.2.6,0,1,6,5.756,NA
413,4,Ambient,4,1,Palms,Acropora tenuis,Ten.Pal.1,8,Ten.Pal.1.8,0,1,6,4.321,NA
414,4,Ambient,4,2,Jewell,Acropora hyacinthus,Hya.Jew.3,20,Hya.Jew.3.20,0,1,5,6.918,NA
415,4,Ambient,4,3,Parke,Acropora tenuis,Ten.Par.2,5,Ten.Par.2.5,0,1,2,3.842,NA
416,4,Ambient,4,4,Parke,Acropora tenuis,Ten.Par.2,6,Ten.Par.2.6,0,1,3,5.159,NA
417,4,Ambient,4,5,Jewell,Goniastrea retiformis,Gon.Jew.6,4,Gon.Jew.6.4,0,1,6,3.07,NA
418,4,Ambient,4,6,Davies,Acropora tenuis,Ten.Dav.D1,5,Ten.Dav.D1.5,0,1,5,2.417,NA
419,4,Ambient,4,7,Davies,Acropora tenuis,Ten.Dav.12,17,Ten.Dav.12.17,0,1,5,2.261,NA
420,4,Ambient,4,8,Palms,Acropora tenuis,Ten.Pal.3,5,Ten.Pal.3.5,0,1,3,1.974,NA
421,4,Ambient,4,9,Jewell,Acropora tenuis,Ten.Jew.7,6,Ten.Jew.7.6,0,1,5,2.21,NA
422,4,Ambient,4,10,Jewell,Acropora tenuis,Ten.Jew.5,7,Ten.Jew.5.7,0,1,4,3.073,NA
423,4,Ambient,5,1,Davies,Acropora tenuis,Ten.Dav.6,7,Ten.Dav.6.7,0,1,4,3.534,NA
424,4,Ambient,5,2,Davies,Acropora hyacinthus,Hya.Dav.3,4,Hya.Dav.3.4,0,1,5,5.466,NA
425,4,Ambient,5,3,Switzer,Goniastrea retiformis,Gon.Swi.6,7,Gon.Swi.6.7,0,1,6,5.466,NA
426,4,Ambient,5,4,Davies,Acropora tenuis,Ten.Dav.9,6,Ten.Dav.9.6,0,1,4,2.504,NA
427,4,Ambient,5,5,Jewell,Acropora tenuis,Ten.Jew.6,8,Ten.Jew.6.8,0,1,2,4.038,NA
428,4,Ambient,5,6,Jewell,Goniastrea retiformis,Gon.Jew.11,7,Gon.Jew.11.7,0,1,6,3.017,NA
429,4,Ambient,5,7,Switzer,Goniastrea retiformis,Gon.Swi.6,8,Gon.Swi.6.8,0,1,6,2.957,NA
430,4,Ambient,5,8,Switzer,Goniastrea retiformis,Gon.Swi.11,7,Gon.Swi.11.7,0,1,5,2.047,NA
431,4,Ambient,5,9,Davies,Acropora tenuis,Ten.Dav.10,7,Ten.Dav.10.7,0,1,5,2.621,NA
432,4,Ambient,5,10,Jewell,Acropora tenuis,Ten.Jew.7,7,Ten.Jew.7.7,0,1,4,3.456,NA
433,4,Ambient,5,11,Davies,Acropora hyacinthus,Hya.Dav.4,5,Hya.Dav.4.5,0,1,5,3.883,NA
434,4,Ambient,6,1,Davies,Acropora hyacinthus,Hya.Dav.3,5,Hya.Dav.3.5,0,1,5,8.517,NA
435,4,Ambient,6,2,Davies,Acropora tenuis,Ten.Dav.13,6,Ten.Dav.13.6,0,1,5,4.065,NA
436,4,Ambient,6,3,Parke,Acropora tenuis,Ten.Par.5,8,Ten.Par.5.8,0,1,4,3.341,NA
437,4,Ambient,6,5,Jewell,Goniastrea retiformis,Gon.Jew.8,6,Gon.Jew.8.6,0,1,6,3.375,NA
438,4,Ambient,6,6,Davies,Acropora hyacinthus,Hya.Dav.11,7,Hya.Dav.11.7,0,1,2,3.749,NA
439,4,Ambient,6,7,Davies,Acropora tenuis,Ten.Dav.9,7,Ten.Dav.9.7,0,1,5,1.897,NA
440,4,Ambient,6,8,Parke,Goniastrea retiformis,Gon.Par.7,8,Gon.Par.7.8,0,1,6,2.495,NA
441,4,Ambient,6,9,Jewell,Goniastrea retiformis,Gon.Jew.7,4,Gon.Jew.7.4,0,1,6,1.878,NA
442,4,Ambient,6,10,Parke,Goniastrea retiformis,Gon.Par.3,8,Gon.Par.3.8,0,1,6,2.067,NA
443,4,Ambient,6,11,Davies,Acropora hyacinthus,Hya.Dav.12,4,Hya.Dav.12.4,0,1,4,2.806,NA
444,5,Ambient,1,1,Davies,Acropora hyacinthus,Hya.Dav.3,6,Hya.Dav.3.6,0,1,5,6.738,NA
445,5,Ambient,1,2,Parke,Acropora tenuis,Ten.Par.5,9,Ten.Par.5.9,0,1,3,3.187,NA
446,5,Ambient,1,3,Jewell,Goniastrea retiformis,Gon.Jew.6,5,Gon.Jew.6.5,0,1,6,3.925,NA
447,5,Ambient,1,4,Davies,Acropora tenuis,Ten.Dav.13,7,Ten.Dav.13.7,0,1,4,2.154,NA
448,5,Ambient,1,5,Switzer,Goniastrea retiformis,Gon.Swi.12,7,Gon.Swi.12.7,0,1,6,3.276,NA
449,5,Ambient,1,8,Davies,Acropora tenuis,Ten.Dav.9,8,Ten.Dav.9.8,0,1,4,2.342,NA
450,5,Ambient,1,9,Davies,Acropora tenuis,Ten.Dav.D1,6,Ten.Dav.D1.6,0,1,6,4.711,NA
451,5,Ambient,1,11,Parke,Acropora tenuis,Ten.Par.2,7,Ten.Par.2.7,0,1,1,3.848,NA
452,5,Ambient,2,2,Parke,Goniastrea retiformis,Gon.Par.8,8,Gon.Par.8.8,0,1,6,2.522,NA
453,5,Ambient,2,3,Palms,Acropora tenuis,Ten.Pal.6,9,Ten.Pal.6.9,0,1,4,3.021,NA
454,5,Ambient,2,4,Jewell,Acropora hyacinthus,Hya.Jew.7,5,Hya.Jew.7.5,0,1,3,3.887,NA
455,5,Ambient,2,5,Switzer,Goniastrea retiformis,Gon.Swi.11,8,Gon.Swi.11.8,0,1,6,2.395,NA
456,5,Ambient,2,6,Parke,Goniastrea retiformis,Gon.Par.2,7,Gon.Par.2.7,0,1,5,2.895,NA
457,5,Ambient,2,7,Switzer,Acropora hyacinthus,Hya.Swi.2,7,Hya.Swi.2.7,0,1,5,3.275,NA
458,5,Ambient,2,8,Switzer,Goniastrea retiformis,Gon.Swi.6,9,Gon.Swi.6.9,0,1,4,3.539,NA
459,5,Ambient,2,9,Jewell,Goniastrea retiformis,Gon.Jew.7,5,Gon.Jew.7.5,0,1,6,3.108,NA
460,5,Ambient,2,10,Parke,Goniastrea retiformis,Gon.Par.8,9,Gon.Par.8.9,0,1,5,2.503,NA
461,5,Ambient,2,11,Palms,Acropora tenuis,Ten.Pal.1,9,Ten.Pal.1.9,0,1,5,3.208,NA
462,5,Ambient,3,1,Jewell,Goniastrea retiformis,Gon.Jew.11,8,Gon.Jew.11.8,0,1,6,4.252,NA
463,5,Ambient,3,2,Jewell,Acropora tenuis,Ten.Jew.5,8,Ten.Jew.5.8,0,1,4,2.807,NA
464,5,Ambient,3,3,Parke,Acropora tenuis,Ten.Par.2,8,Ten.Par.2.8,0,1,2,5.746,NA
465,5,Ambient,3,4,Davies,Acropora hyacinthus,Hya.Dav.3,7,Hya.Dav.3.7,0,1,5,3.729,NA
466,5,Ambient,3,5,Davies,Acropora tenuis,Ten.Dav.13,8,Ten.Dav.13.8,0,1,5,2.777,NA
467,5,Ambient,3,6,Jewell,Acropora tenuis,Ten.Jew.7,8,Ten.Jew.7.8,0,1,4,2.845,NA
468,5,Ambient,3,7,Parke,Goniastrea retiformis,Gon.Par.7,9,Gon.Par.7.9,0,1,6,2.193,NA
469,5,Ambient,3,9,Parke,Acropora tenuis,Ten.Par.5,21,Ten.Par.5.21,0,1,4,3.976,NA
470,5,Ambient,3,10,Davies,Acropora hyacinthus,Hya.Dav.4,6,Hya.Dav.4.6,0,1,6,6.17,NA
471,6,Ambient,1,2,Palms,Acropora tenuis,Ten.Pal.3,7,Ten.Pal.3.7,0,1,5,2.313,NA
472,6,Ambient,1,3,Switzer,Acropora hyacinthus,Hya.Swi.2,9,Hya.Swi.2.9,0,1,6,4.505,NA
473,6,Ambient,1,4,Davies,Acropora tenuis,Ten.Dav.9,9,Ten.Dav.9.9,0,1,5,3.896,NA
474,6,Ambient,1,5,Parke,Goniastrea retiformis,Gon.Par.2,9,Gon.Par.2.9,0,1,6,3.166,NA
475,6,Ambient,1,6,Parke,Goniastrea retiformis,Gon.Par.6,8,Gon.Par.6.8,0,1,6,3.418,NA
476,6,Ambient,1,7,Davies,Acropora tenuis,Ten.Dav.8,9,Ten.Dav.8.9,0,1,4,4.204,NA
477,6,Ambient,1,8,Davies,Acropora tenuis,Ten.Dav.1,10,Ten.Dav.1.10,0,1,6,3.473,NA
478,6,Ambient,1,9,Jewell,Acropora hyacinthus,Hya.Jew.3,21,Hya.Jew.3.21,0,1,3,3.957,NA
479,6,Ambient,1,10,Jewell,Goniastrea retiformis,Gon.Jew.10,9,Gon.Jew.10.9,0,1,5,2.113,NA
480,6,Ambient,1,11,Switzer,Goniastrea retiformis,Gon.Swi.6,10,Gon.Swi.6.10,0,1,6,2.193,NA
481,6,Ambient,2,1,Switzer,Goniastrea retiformis,Gon.Swi.11,10,Gon.Swi.11.10,0,1,6,3.202,NA
482,6,Ambient,2,2,Switzer,Goniastrea retiformis,Gon.Swi.7,10,Gon.Swi.7.10,0,1,6,3.256,NA
483,6,Ambient,2,3,Jewell,Goniastrea retiformis,Gon.Jew.11,10,Gon.Jew.11.10,0,1,6,3.401,NA
484,6,Ambient,2,4,Parke,Goniastrea retiformis,Gon.Par.8,10,Gon.Par.8.10,0,1,5,2.331,NA
485,6,Ambient,2,5,Switzer,Goniastrea retiformis,Gon.Swi.12,9,Gon.Swi.12.9,0,1,6,4.012,NA
486,6,Ambient,2,6,Davies,Acropora hyacinthus,Hya.Dav.4,8,Hya.Dav.4.8,0,1,6,5.8,NA
487,6,Ambient,2,7,Jewell,Goniastrea retiformis,Gon.Jew.7,6,Gon.Jew.7.6,0,1,6,3.519,NA
488,6,Ambient,2,8,Jewell,Goniastrea retiformis,Gon.Jew.8,9,Gon.Jew.8.9,0,1,6,3.353,NA
489,6,Ambient,2,9,Parke,Goniastrea retiformis,Gon.Par.8,11,Gon.Par.8.11,0,1,6,2.482,NA
490,6,Ambient,2,11,Parke,Acropora tenuis,Ten.Par.2,9,Ten.Par.2.9,0,1,2,7.082,NA
491,6,Ambient,3,1,Switzer,Goniastrea retiformis,Gon.Swi.7,11,Gon.Swi.7.11,0,1,6,3.159,NA
492,6,Ambient,3,2,Davies,Acropora tenuis,Ten.Dav.10,9,Ten.Dav.10.9,0,1,4,2.436,NA
493,6,Ambient,3,3,Davies,Acropora hyacinthus,Hya.Dav.12,6,Hya.Dav.12.6,0,1,2,3.407,NA
494,6,Ambient,3,4,Switzer,Goniastrea retiformis,Gon.Swi.12,10,Gon.Swi.12.10,0,1,6,2.895,NA
495,6,Ambient,3,6,Davies,Acropora tenuis,Ten.Dav.6,10,Ten.Dav.6.10,0,1,6,3.569,NA
496,6,Ambient,3,7,Jewell,Acropora hyacinthus,Hya.Jew.7,15,Hya.Jew.7.15,0,1,5,4.842,NA
497,6,Ambient,3,8,Parke,Acropora tenuis,Ten.Par.2,10,Ten.Par.2.10,0,1,3,4.061,NA
498,6,Ambient,3,9,Jewell,Goniastrea retiformis,Gon.Jew.8,10,Gon.Jew.8.10,0,1,6,2.976,NA
499,6,Ambient,3,10,Jewell,Acropora tenuis,Ten.Jew.6,10,Ten.Jew.6.10,0,1,3,2.683,NA
500,6,Ambient,3,11,Parke,Goniastrea retiformis,Gon.Par.8,12,Gon.Par.8.12,0,1,6,3.163,NA
501,6,Ambient,4,1,Davies,Acropora tenuis,Ten.Dav.D1,8,Ten.Dav.D1.8,0,1,4,2.808,NA
502,6,Ambient,4,2,Davies,Acropora hyacinthus,Hya.Dav.11,9,Hya.Dav.11.9,0,1,3,5.82,NA
503,6,Ambient,4,3,Switzer,Goniastrea retiformis,Gon.Swi.5,6,Gon.Swi.5.6,0,1,6,2.979,NA
504,6,Ambient,4,4,Davies,Acropora tenuis,Ten.Dav.13,9,Ten.Dav.13.9,0,1,5,3.79,NA
505,6,Ambient,4,5,Switzer,Goniastrea retiformis,Gon.Swi.5,7,Gon.Swi.5.7,0,1,6,2.794,NA
506,6,Ambient,4,6,Switzer,Goniastrea retiformis,Gon.Swi.10,8,Gon.Swi.10.8,0,1,6,2.501,NA
507,6,Ambient,4,7,Davies,Acropora hyacinthus,Hya.Dav.3,8,Hya.Dav.3.8,0,1,5,4.353,NA
508,6,Ambient,4,8,Switzer,Acropora hyacinthus,Hya.Swi.2,10,Hya.Swi.2.10,0,1,6,6.601,NA
509,6,Ambient,4,9,Palms,Acropora tenuis,Ten.Pal.3,8,Ten.Pal.3.8,0,1,3,1.579,NA
510,6,Ambient,4,10,Davies,Acropora tenuis,Ten.Dav.D1,9,Ten.Dav.D1.9,0,1,5,2.663,NA
511,6,Ambient,4,11,Davies,Acropora tenuis,Ten.Dav.12,6,Ten.Dav.12.6,0,1,5,2.832,NA
512,6,Ambient,5,1,Davies,Acropora hyacinthus,Hya.Dav.3,9,Hya.Dav.3.9,0,1,6,5.712,NA
513,6,Ambient,5,2,Parke,Goniastrea retiformis,Gon.Par.2,10,Gon.Par.2.10,0,1,6,3.078,NA
514,6,Ambient,5,3,Switzer,Goniastrea retiformis,Gon.Swi.10,9,Gon.Swi.10.9,0,1,6,3.441,NA
515,6,Ambient,5,4,Parke,Goniastrea retiformis,Gon.Par.6,9,Gon.Par.6.9,0,1,6,4.212,NA
516,6,Ambient,5,5,Davies,Acropora tenuis,Ten.Dav.10,10,Ten.Dav.10.10,0,1,5,4.506,NA
517,6,Ambient,5,7,Jewell,Acropora tenuis,Ten.Jew.6,21,Ten.Jew.6.21,0,1,4,1.87,NA
518,6,Ambient,5,8,Parke,Acropora tenuis,Ten.Par.5,10,Ten.Par.5.10,0,1,4,2.59,NA
519,6,Ambient,5,9,Palms,Acropora tenuis,Ten.Pal.1,10,Ten.Pal.1.10,0,1,6,4.029,NA
520,6,Ambient,5,10,Jewell,Acropora tenuis,Ten.Jew.7,10,Ten.Jew.7.10,0,1,4,2.245,NA
521,6,Ambient,5,11,Jewell,Goniastrea retiformis,Gon.Jew.10,10,Gon.Jew.10.10,0,1,5,2.368,NA
522,6,Ambient,6,1,Jewell,Acropora hyacinthus,Hya.Jew.3,10,Hya.Jew.3.10,0,1,6,5.985,NA
523,6,Ambient,6,2,Davies,Acropora hyacinthus,Hya.Dav.8,8,Hya.Dav.8.8,0,1,3,4.856,NA
524,6,Ambient,6,3,Davies,Acropora hyacinthus,Hya.Dav.11,10,Hya.Dav.11.10,0,1,4,5.763,NA
525,6,Ambient,6,5,Parke,Goniastrea retiformis,Gon.Par.7,10,Gon.Par.7.10,0,1,6,2.802,NA
526,6,Ambient,6,6,Davies,Acropora hyacinthus,Hya.Dav.4,9,Hya.Dav.4.9,0,1,5,4.189,NA
527,6,Ambient,6,7,Parke,Goniastrea retiformis,Gon.Par.3,10,Gon.Par.3.10,0,1,6,3.198,NA
528,6,Ambient,6,8,Jewell,Goniastrea retiformis,Gon.Jew.6,6,Gon.Jew.6.6,0,1,6,2.741,NA
529,6,Ambient,6,9,Davies,Acropora tenuis,Ten.Dav.9,10,Ten.Dav.9.10,0,1,3,2.436,NA
530,6,Ambient,6,10,Jewell,Acropora tenuis,Ten.Jew.5,10,Ten.Jew.5.10,0,1,3,3.734,NA
531,6,Ambient,6,11,Davies,Acropora tenuis,Ten.Dav.13,10,Ten.Dav.13.10,0,1,6,4.794,NA
532,12,Hot,1,1,Davies,Acropora tenuis,Ten.Dav.13,19,Ten.Dav.13.19,0,1,5,6.837,NA
533,12,Hot,1,2,Switzer,Goniastrea retiformis,Gon.Swi.6,20,Gon.Swi.6.20,0,1,6,2.986,NA
534,12,Hot,1,3,Davies,Acropora hyacinthus,Hya.Dav.12,14,Hya.Dav.12.14,0,1,3,3.641,NA
535,12,Hot,1,4,Jewell,Acropora tenuis,Ten.Jew.6,20,Ten.Jew.6.20,0,1,4,2.43,NA
536,12,Hot,1,5,Jewell,Goniastrea retiformis,Gon.Jew.11,20,Gon.Jew.11.20,0,1,6,4.898,NA
537,12,Hot,1,6,Parke,Acropora tenuis,Ten.Par.2,19,Ten.Par.2.19,0,1,2,2.829,NA
538,12,Hot,1,7,Davies,Acropora tenuis,Ten.Dav.1,20,Ten.Dav.1.20,0,1,6,5.17,NA
539,12,Hot,1,8,Jewell,Goniastrea retiformis,Gon.Jew.7,19,Gon.Jew.7.20,0,1,5,2.483,NA
540,12,Hot,1,9,Davies,Acropora tenuis,Ten.Dav.D1,18,Ten.Dav.D1.18,0,1,4,2.035,NA
541,12,Hot,1,10,Davies,Acropora hyacinthus,Hya.Dav.3,17,Hya.Dav.3.17,0,1,4,5.622,NA
542,12,Hot,2,1,Jewell,Goniastrea retiformis,Gon.Jew.10,19,Gon.Jew.10.19,0,1,5,3.438,NA
543,12,Hot,2,2,Palms,Acropora tenuis,Ten.Pal.3,17,Ten.Pal.3.17,0,1,4,2.134,NA
544,12,Hot,2,3,Davies,Acropora tenuis,Ten.Dav.9,19,Ten.Dav.9.19,0,1,4,3.113,NA
545,12,Hot,2,4,Switzer,Goniastrea retiformis,Gon.Swi.7,19,Gon.Swi.7.19,0,1,5,2.405,NA
546,12,Hot,2,6,Davies,Acropora tenuis,Ten.Dav.10,19,Ten.Dav.10.19,0,1,4,6.37,NA
547,12,Hot,2,7,Switzer,Acropora hyacinthus,Hya.Swi.2,18,Hya.Swi.2.18,0,1,5,3.15,NA
548,12,Hot,2,8,Jewell,Acropora tenuis,Ten.Jew.7,19,Ten.Jew.7.19,0,1,5,4.512,NA
549,12,Hot,2,9,Jewell,Goniastrea retiformis,Gon.Jew.10,20,Gon.Jew.10.20,0,1,5,2.458,NA
550,12,Hot,2,10,Parke,Goniastrea retiformis,Gon.Par.6,18,Gon.Par.6.18,0,1,6,2.715,NA
551,12,Hot,2,11,Parke,Goniastrea retiformis,Gon.Par.6,19,Gon.Par.6.19,0,1,6,3.61,NA
552,12,Hot,3,1,Jewell,Goniastrea retiformis,Gon.Jew.7,12,Gon.Jew.7.12,0,1,6,3.718,NA
553,12,Hot,3,2,Davies,Acropora tenuis,Ten.Dav.9,20,Ten.Dav.9.20,0,1,5,2.882,NA
554,12,Hot,3,3,Switzer,Goniastrea retiformis,Gon.Swi.12,19,Gon.Swi.12.19,0,1,6,4.581,NA
555,12,Hot,3,6,Parke,Acropora tenuis,Ten.Par.5,20,Ten.Par.5.20,0,1,4,4.217,NA
556,12,Hot,3,7,Switzer,Goniastrea retiformis,Gon.Swi.11,20,Gon.Swi.11.20,0,1,5,3.345,NA
557,12,Hot,3,8,Switzer,Goniastrea retiformis,Gon.Swi.12,20,Gon.Swi.12.20,0,1,6,3.286,NA
558,12,Hot,3,9,Davies,Acropora hyacinthus,Hya.Dav.11,18,Hya.Dav.11.18,0,1,3,4.391,NA
559,12,Hot,3,10,Davies,Acropora tenuis,Ten.Dav.10,20,Ten.Dav.10.20,0,1,5,7.05,NA
560,12,Hot,3,11,Parke,Goniastrea retiformis,Gon.Par.8,20,Gon.Par.8.20,0,1,4,2.483,NA
561,12,Hot,4,2,Jewell,Goniastrea retiformis,Gon.Jew.8,19,Gon.Jew.8.19,0,1,6,3.641,NA
562,12,Hot,4,3,Parke,Acropora tenuis,Ten.Par.5,22,Ten.Par.5.22,0,1,4,3.597,NA
563,12,Hot,4,4,Davies,Acropora hyacinthus,Hya.Dav.4,18,Hya.Dav.4.18,0,1,3,3.328,NA
564,12,Hot,4,5,Switzer,Goniastrea retiformis,Gon.Swi.10,18,Gon.Swi.10.18,0,1,6,2.447,NA
565,12,Hot,4,6,Switzer,Acropora hyacinthus,Hya.Swi.2,19,Hya.Swi.2.19,0,1,6,5.705,NA
566,12,Hot,4,7,Davies,Acropora hyacinthus,Hya.Dav.2,5,Hya.Dav.2.5,0,1,5,4.52,NA
567,12,Hot,4,8,Palms,Acropora tenuis,Ten.Pal.1,20,Ten.Pal.1.20,0,1,4,4.084,NA
568,12,Hot,4,9,Switzer,Goniastrea retiformis,Gon.Swi.7,20,Gon.Swi.7.20,0,1,6,2.083,NA
569,12,Hot,4,10,Jewell,Goniastrea retiformis,Gon.Jew.6,12,Gon.Jew.6.12,0,1,6,3.615,NA
570,12,Hot,4,11,Jewell,Acropora hyacinthus,Hya.Jew.7,11,Hya.Jew.7.11,0,1,2,4.261,NA
571,12,Hot,5,1,Switzer,Goniastrea retiformis,Gon.Swi.5,14,Gon.Swi.5.14,0,1,6,2.89,NA
572,12,Hot,5,3,Parke,Goniastrea retiformis,Gon.Par.2,19,Gon.Par.2.19,0,1,6,4.165,NA
573,12,Hot,5,6,Davies,Acropora tenuis,Ten.Dav.6,20,Ten.Dav.6.20,0,1,5,5.342,NA
574,12,Hot,5,7,Parke,Goniastrea retiformis,Gon.Par.3,19,Gon.Par.3.19,0,1,5,2.391,NA
575,12,Hot,5,9,Jewell,Acropora tenuis,Ten.Jew.5,20,Ten.Jew.5.20,0,1,4,4.349,NA
576,12,Hot,5,10,Switzer,Goniastrea retiformis,Gon.Swi.10,19,Gon.Swi.10.19,0,1,6,4.403,NA
577,12,Hot,6,1,Parke,Goniastrea retiformis,Gon.Par.7,20,Gon.Par.7.20,0,1,6,2.662,NA
578,12,Hot,6,2,Parke,Acropora tenuis,Ten.Par.2,20,Ten.Par.2.20,0,1,2,2.599,NA
579,12,Hot,6,3,Davies,Acropora tenuis,Ten.Dav.D1,19,Ten.Dav.D1.19,0,1,5,5.811,NA
580,12,Hot,6,4,Davies,Acropora hyacinthus,Hya.Dav.12,15,Hya.Dav.12.15,0,1,4,4.549,NA
581,12,Hot,6,5,Davies,Acropora tenuis,Ten.Dav.12,12,Ten.Dav.12.12,0,1,4,2.882,NA
582,12,Hot,6,6,Parke,Goniastrea retiformis,Gon.Par.2,20,Gon.Par.2.20,0,1,6,3.184,NA
583,12,Hot,6,7,Davies,Acropora hyacinthus,Hya.Dav.11,19,Hya.Dav.11.19,0,1,2,5.014,NA
584,12,Hot,6,8,Davies,Acropora tenuis,Ten.Dav.13,20,Ten.Dav.13.20,0,1,5,4.335,NA
585,12,Hot,6,9,Davies,Acropora hyacinthus,Hya.Dav.3,18,Hya.Dav.3.18,0,1,5,4.547,NA
586,12,Hot,6,10,Jewell,Goniastrea retiformis,Gon.Jew.8,20,Gon.Jew.8.20,0,1,6,2.476,NA
587,12,Hot,6,11,Davies,Acropora hyacinthus,Hya.Dav.4,19,Hya.Dav.4.19,0,1,5,4.444,NA
588,1,Ambient,1,1,Davies,Acropora tenuis,Ten.Dav.6,1,Ten.Dav.6.1,3,1,6,3.847,NA
589,1,Ambient,1,2,Davies,Acropora tenuis,Ten.Dav.D1,1,Ten.Dav.D1.1,3,1,6,4.573,NA
590,1,Ambient,1,3,Parke,Goniastrea retiformis,Gon.Par.7,1,Gon.Par.7.1,3,1,6,3.434,NA
591,1,Ambient,1,5,Jewell,Acropora tenuis,Ten.Jew.7,1,Ten.Jew.7.1,3,1,5,2.747,NA
592,1,Ambient,1,6,Davies,Acropora hyacinthus,Hya.Dav.3,1,Hya.Dav.3.1,3,1,6,3.974,NA
593,1,Ambient,1,7,Jewell,Goniastrea retiformis,Gon.Jew.8,1,Gon.Jew.8.1,3,1,6,2.955,NA
594,1,Ambient,1,8,Davies,Acropora tenuis,Ten.Dav.1,1,Ten.Dav.1.1,3,1,5,3.546,NA
595,1,Ambient,1,9,Davies,Acropora tenuis,Ten.Dav.12,1,Ten.Dav.12.1,3,1,6,2.08,NA
596,1,Ambient,1,10,Parke,Goniastrea retiformis,Gon.Par.6,1,Gon.Par.6.1,3,1,6,4.265,NA
597,1,Ambient,1,11,Davies,Acropora tenuis,Ten.Dav.12,13,Ten.Dav.12.13,3,1,5,4.231,NA
598,1,Ambient,2,1,Palms,Acropora tenuis,Ten.Pal.1,1,Ten.Pal.1.1,3,1,6,4.489,NA
599,1,Ambient,2,2,Switzer,Goniastrea retiformis,Gon.Swi.7,1,Gon.Swi.7.1,3,1,6,3.404,NA
600,1,Ambient,2,3,Jewell,Acropora hyacinthus,Hya.Jew.3,1,Hya.Jew.3.1,3,1,5,7.911,NA
601,1,Ambient,2,4,Parke,Acropora tenuis,Ten.Par.5,1,Ten.Par.5.1,3,1,5,5.153,NA
602,1,Ambient,2,5,Davies,Acropora hyacinthus,Hya.Dav.8,1,Hya.Dav.8.1,3,1,3,5.304,NA
603,1,Ambient,2,6,Davies,Acropora tenuis,Ten.Dav.1,2,Ten.Dav.1.2,3,1,5,2.512,NA
604,1,Ambient,2,7,Davies,Acropora tenuis,Ten.Dav.9,1,Ten.Dav.9.1,3,1,5,2.859,NA
605,1,Ambient,2,8,Switzer,Goniastrea retiformis,Gon.Swi.11,1,Gon.Swi.11.1,3,1,6,3.636,NA
606,1,Ambient,2,10,Switzer,Goniastrea retiformis,Gon.Swi.12,1,Gon.Swi.12.1,3,1,6,3.541,NA
607,1,Ambient,2,11,Parke,Goniastrea retiformis,Gon.Par.3,1,Gon.Par.3.1,3,1,6,3.318,NA
608,1,Ambient,3,1,Switzer,Acropora hyacinthus,Hya.Swi.2,1,Hya.Swi.2.1,3,1,6,5.971,NA
609,1,Ambient,3,2,Parke,Acropora tenuis,Ten.Par.5,2,Ten.Par.5.2,3,1,3,3.404,NA
610,1,Ambient,3,3,Switzer,Goniastrea retiformis,Gon.Swi.6,1,Gon.Swi.6.1,3,1,6,NA,NA
611,1,Ambient,3,4,Switzer,Acropora hyacinthus,Hya.Swi.2,2,Hya.Swi.2.2,3,1,6,9.573,NA
612,1,Ambient,3,5,Parke,Acropora tenuis,Ten.Par.2,21,Ten.Par.2.21,3,1,3,3.603,NA
613,1,Ambient,3,6,Palms,Acropora tenuis,Ten.Pal.1,2,Ten.Pal.1.2,3,1,6,2.5,NA
614,1,Ambient,3,7,Davies,Acropora tenuis,Ten.Dav.13,1,Ten.Dav.13.1,3,1,5,2.425,NA
615,1,Ambient,3,8,Parke,Goniastrea retiformis,Gon.Par.6,2,Gon.Par.6.2,3,1,6,2.239,NA
616,1,Ambient,3,10,Parke,Goniastrea retiformis,Gon.Par.8,1,Gon.Par.8.1,3,1,6,2.457,NA
617,1,Ambient,3,11,Davies,Acropora tenuis,Ten.Dav.10,1,Ten.Dav.10.1,3,1,5,3.799,NA
618,1,Ambient,4,1,Jewell,Acropora tenuis,Ten.Jew.6,1,Ten.Jew.6.1,3,1,4,4.958,NA
619,1,Ambient,4,2,Switzer,Goniastrea retiformis,Gon.Swi.5,1,Gon.Swi.5.1,3,1,6,2.842,NA
620,1,Ambient,4,3,Jewell,Goniastrea retiformis,Gon.Jew.11,1,Gon.Jew.11.1,3,1,6,2.191,NA
621,1,Ambient,4,4,Davies,Acropora tenuis,Ten.Dav.9,2,Ten.Dav.9.2,3,1,5,5.194,NA
622,1,Ambient,4,5,Parke,Goniastrea retiformis,Gon.Par.3,2,Gon.Par.3.2,3,1,6,3.869,NA
623,1,Ambient,4,6,Parke,Goniastrea retiformis,Gon.Par.8,2,Gon.Par.8.2,3,1,6,2.109,NA
624,1,Ambient,4,7,Switzer,Goniastrea retiformis,Gon.Swi.6,2,Gon.Swi.6.2,3,1,6,2.997,NA
625,1,Ambient,4,8,Jewell,Acropora tenuis,Ten.Jew.6,2,Ten.Jew.6.2,3,1,4,2.885,NA
626,1,Ambient,4,9,Davies,Acropora hyacinthus,Hya.Dav.11,1,Hya.Dav.11.1,3,1,3,7.165,NA
627,1,Ambient,4,10,Jewell,Goniastrea retiformis,Gon.Jew.6,1,Gon.Jew.6.1,3,1,6,2.432,NA
628,1,Ambient,4,11,Switzer,Goniastrea retiformis,Gon.Swi.10,1,Gon.Swi.10.1,3,1,6,3.757,NA
629,1,Ambient,5,1,Switzer,Goniastrea retiformis,Gon.Swi.7,2,Gon.Swi.7.2,3,1,6,3.806,NA
630,1,Ambient,5,2,Parke,Acropora tenuis,Ten.Par.2,1,Ten.Par.2.1,3,1,2,1.943,NA
631,1,Ambient,5,3,Parke,Goniastrea retiformis,Gon.Par.8,3,Gon.Par.8.3,3,1,6,2.607,NA
632,1,Ambient,5,4,Davies,Acropora hyacinthus,Hya.Dav.8,2,Hya.Dav.8.2,3,1,3,8.175,NA
633,1,Ambient,5,5,Switzer,Goniastrea retiformis,Gon.Swi.11,2,Gon.Swi.11.2,3,1,6,2.571,NA
634,1,Ambient,5,6,Jewell,Acropora hyacinthus,Hya.Jew.3,2,Hya.Jew.3.2,3,1,5,4.601,NA
635,1,Ambient,5,7,Parke,Goniastrea retiformis,Gon.Par.8,4,Gon.Par.8.4,3,1,6,3.006,NA
636,1,Ambient,5,8,Parke,Goniastrea retiformis,Gon.Par.7,2,Gon.Par.7.2,3,1,6,4.967,NA
637,1,Ambient,5,9,Davies,Acropora hyacinthus,Hya.Dav.4,1,Hya.Dav.4.1,3,1,5,3.628,NA
638,1,Ambient,5,10,Davies,Acropora tenuis,Ten.Dav.10,2,Ten.Dav.10.2,3,1,5,5.316,NA
639,1,Ambient,6,1,Davies,Acropora hyacinthus,Hya.Dav.11,2,Hya.Dav.11.2,3,1,3,2.03,NA
640,1,Ambient,6,2,Davies,Acropora tenuis,Ten.Dav.D1,2,Ten.Dav.D1.2,3,1,6,4.447,NA
641,1,Ambient,6,3,Jewell,Acropora tenuis,Ten.Jew.7,20,Ten.Jew.7.20,3,1,6,2.567,NA
642,1,Ambient,6,4,Jewell,Acropora hyacinthus,Hya.Jew.7,1,Hya.Jew.7.1,3,1,3,3.77,NA
643,1,Ambient,6,5,Jewell,Goniastrea retiformis,Gon.Jew.10,1,Gon.Jew.10.1,3,1,5,3.695,NA
644,1,Ambient,6,7,Parke,Goniastrea retiformis,Gon.Par.2,1,Gon.Par.2.1,3,1,6,4.227,NA
645,1,Ambient,6,8,Palms,Acropora tenuis,Ten.Pal.3,1,Ten.Pal.3.1,3,1,5,3.227,NA
646,1,Ambient,6,9,Jewell,Goniastrea retiformis,Gon.Jew.10,2,Gon.Jew.10.2,3,1,6,3.785,NA
647,1,Ambient,6,11,Jewell,Goniastrea retiformis,Gon.Jew.7,1,Gon.Jew.7.1,3,1,6,3.866,NA
648,2,Ambient,1,2,Davies,Acropora tenuis,Ten.Dav.10,3,Ten.Dav.10.3,3,1,5,2.968,NA
649,2,Ambient,1,3,Parke,Goniastrea retiformis,Gon.Par.3,3,Gon.Par.3.3,3,1,6,5.541,NA
650,2,Ambient,1,4,Switzer,Goniastrea retiformis,Gon.Swi.7,3,Gon.Swi.7.3,3,1,6,4.813,NA
651,2,Ambient,1,5,Davies,Acropora hyacinthus,Hya.Dav.8,3,Hya.Dav.8.3,3,1,2,2.687,NA
652,2,Ambient,1,6,Jewell,Acropora hyacinthus,Hya.Jew.3,3,Hya.Jew.3.3,3,1,4,7.349,NA
653,2,Ambient,1,7,Parke,Goniastrea retiformis,Gon.Par.6,3,Gon.Par.6.3,3,1,6,3.555,NA
654,2,Ambient,1,8,Davies,Acropora tenuis,Ten.Dav.9,3,Ten.Dav.9.3,3,1,5,2.611,NA
655,2,Ambient,1,9,Switzer,Goniastrea retiformis,Gon.Swi.11,3,Gon.Swi.11.3,3,1,5,2.578,NA
656,2,Ambient,1,10,Jewell,Goniastrea retiformis,Gon.Jew.10,3,Gon.Jew.10.3,3,1,5,3.732,NA
657,2,Ambient,1,11,Parke,Acropora tenuis,Ten.Par.2,2,Ten.Par.2.2,3,1,2,2.754,NA
658,2,Ambient,2,1,Switzer,Goniastrea retiformis,Gon.Swi.7,4,Gon.Swi.7.4,3,1,6,3.879,NA
659,2,Ambient,2,2,Jewell,Goniastrea retiformis,Gon.Jew.8,2,Gon.Jew.8.2,3,1,6,2.304,NA
660,2,Ambient,2,3,Parke,Goniastrea retiformis,Gon.Par.7,3,Gon.Par.7.3,3,1,6,4.555,NA
661,2,Ambient,2,4,Davies,Acropora tenuis,Ten.Dav.6,2,Ten.Dav.6.2,3,1,6,4.954,NA
662,2,Ambient,2,5,Parke,Acropora tenuis,Ten.Par.5,3,Ten.Par.5.3,3,1,4,4.424,NA
663,2,Ambient,2,6,Davies,Acropora tenuis,Ten.Dav.13,2,Ten.Dav.13.2,3,1,5,2.468,NA
664,2,Ambient,2,8,Davies,Acropora tenuis,Ten.Dav.1,3,Ten.Dav.1.3,3,1,5,2.649,NA
665,2,Ambient,2,9,Davies,Acropora tenuis,Ten.Dav.9,4,Ten.Dav.9.4,3,1,5,1.704,NA
666,2,Ambient,2,10,Davies,Acropora tenuis,Ten.Dav.12,16,Ten.Dav.12.16,3,1,4,2.468,NA
667,2,Ambient,2,11,Jewell,Acropora tenuis,Ten.Jew.5,2,Ten.Jew.5.2,3,1,4,5.255,NA
668,2,Ambient,3,1,Jewell,Acropora tenuis,Ten.Jew.5,3,Ten.Jew.5.3,3,1,4,4.135,NA
669,2,Ambient,3,2,Switzer,Goniastrea retiformis,Gon.Swi.6,3,Gon.Swi.6.3,3,1,6,2.529,NA
670,2,Ambient,3,3,Davies,Acropora hyacinthus,Hya.Dav.12,2,Hya.Dav.12.2,3,1,5,4.214,NA
671,2,Ambient,3,4,Jewell,Acropora hyacinthus,Hya.Jew.3,4,Hya.Jew.3.4,3,1,5,4.22,NA
672,2,Ambient,3,5,Jewell,Goniastrea retiformis,Gon.Jew.11,2,Gon.Jew.11.2,3,1,6,3.418,NA
673,2,Ambient,3,6,Davies,Acropora hyacinthus,Hya.Dav.3,2,Hya.Dav.3.2,3,1,3,3.647,NA
674,2,Ambient,3,7,Jewell,Goniastrea retiformis,Gon.Jew.6,2,Gon.Jew.6.2,3,1,6,2.114,NA
675,2,Ambient,3,8,Jewell,Goniastrea retiformis,Gon.Jew.10,4,Gon.Jew.10.4,3,1,5,1.695,NA
676,2,Ambient,3,9,Davies,Acropora hyacinthus,Hya.Dav.4,2,Hya.Dav.4.2,3,1,5,4.1,NA
677,2,Ambient,3,10,Palms,Acropora tenuis,Ten.Pal.1,3,Ten.Pal.1.3,3,1,6,2.709,NA
678,2,Ambient,3,11,Parke,Goniastrea retiformis,Gon.Par.2,2,Gon.Par.2.2,3,1,6,3.19,NA
679,2,Ambient,4,1,Parke,Acropora tenuis,Ten.Par.5,4,Ten.Par.5.4,3,1,4,6.403,NA
680,2,Ambient,4,2,Parke,Goniastrea retiformis,Gon.Par.3,4,Gon.Par.3.4,3,1,6,2.757,NA
681,2,Ambient,4,3,Palms,Acropora tenuis,Ten.Pal.1,4,Ten.Pal.1.4,3,1,6,3.815,NA
682,2,Ambient,4,4,Switzer,Goniastrea retiformis,Gon.Swi.12,2,Gon.Swi.12.2,3,1,6,3.116,NA
683,2,Ambient,4,5,Davies,Acropora tenuis,Ten.Dav.10,4,Ten.Dav.10.4,3,1,4,2.43,NA
684,2,Ambient,4,6,Palms,Acropora tenuis,Ten.Pal.3,2,Ten.Pal.3.2,3,1,4,2.719,NA
685,2,Ambient,4,7,Jewell,Acropora hyacinthus,Hya.Jew.7,2,Hya.Jew.7.2,3,1,3,7.372,NA
686,2,Ambient,4,8,Jewell,Acropora tenuis,Ten.Jew.6,3,Ten.Jew.6.3,3,1,4,4.836,NA
687,2,Ambient,4,9,Jewell,Acropora tenuis,Ten.Jew.7,2,Ten.Jew.7.2,3,1,5,3.325,NA
688,2,Ambient,4,10,Switzer,Goniastrea retiformis,Gon.Swi.10,2,Gon.Swi.10.2,3,1,6,2.39,NA
689,2,Ambient,5,2,Switzer,Goniastrea retiformis,Gon.Swi.11,4,Gon.Swi.11.4,3,1,6,1.696,NA
690,2,Ambient,5,3,Switzer,Acropora hyacinthus,Hya.Swi.2,4,Hya.Swi.2.4,3,1,6,4.207,NA
691,2,Ambient,5,4,Jewell,Goniastrea retiformis,Gon.Jew.7,2,Gon.Jew.7.2,3,1,6,2.796,NA
692,2,Ambient,5,5,Davies,Acropora tenuis,Ten.Dav.D1,3,Ten.Dav.D1.3,3,1,6,3.317,NA
693,2,Ambient,5,6,Parke,Goniastrea retiformis,Gon.Par.8,5,Gon.Par.8.5,3,1,6,2.029,NA
694,2,Ambient,5,8,Davies,Acropora hyacinthus,Hya.Dav.12,16,Hya.Dav.12.16,3,1,5,4.564,NA
695,2,Ambient,5,9,Davies,Acropora hyacinthus,Hya.Dav.11,3,Hya.Dav.11.3,3,1,3,2.559,NA
696,2,Ambient,5,10,Davies,Acropora tenuis,Ten.Dav.6,3,Ten.Dav.6.3,3,1,6,3.707,NA
697,2,Ambient,5,11,Parke,Goniastrea retiformis,Gon.Par.8,6,Gon.Par.8.6,3,1,6,1.905,NA
698,2,Ambient,6,2,Jewell,Acropora tenuis,Ten.Jew.7,3,Ten.Jew.7.3,3,1,4,3.754,NA
699,2,Ambient,6,3,Jewell,Acropora tenuis,Ten.Jew.6,4,Ten.Jew.6.4,3,1,4,4.578,NA
700,2,Ambient,6,4,Switzer,Goniastrea retiformis,Gon.Swi.5,2,Gon.Swi.5.2,3,1,6,1.862,NA
701,2,Ambient,6,5,Davies,Acropora tenuis,Ten.Dav.1,4,Ten.Dav.1.4,3,1,5,2.835,NA
702,2,Ambient,6,6,Parke,Goniastrea retiformis,Gon.Par.7,4,Gon.Par.7.4,3,1,6,3.552,NA
703,2,Ambient,6,7,Palms,Acropora tenuis,Ten.Pal.3,3,Ten.Pal.3.3,3,1,5,2.369,NA
704,2,Ambient,6,8,Jewell,Goniastrea retiformis,Gon.Jew.11,3,Gon.Jew.11.3,3,1,6,2.876,NA
705,2,Ambient,6,9,Davies,Acropora tenuis,Ten.Dav.12,2,Ten.Dav.12.2,3,1,5,2.851,NA
706,2,Ambient,6,11,Switzer,Goniastrea retiformis,Gon.Swi.6,4,Gon.Swi.6.4,3,1,6,2.469,NA
707,3,Ambient,1,1,Davies,Acropora hyacinthus,Hya.Dav.12,3,Hya.Dav.12.3,3,1,1,3.581,NA
708,3,Ambient,1,3,Jewell,Goniastrea retiformis,Gon.Jew.7,3,Gon.Jew.7.3,3,1,6,2.163,NA
709,3,Ambient,1,4,Palms,Acropora tenuis,Ten.Pal.3,4,Ten.Pal.3.4,3,1,5,2.134,NA
710,3,Ambient,1,5,Parke,Goniastrea retiformis,Gon.Par.6,4,Gon.Par.6.4,3,1,6,2.444,NA
711,3,Ambient,1,6,Davies,Acropora hyacinthus,Hya.Dav.11,5,Hya.Dav.11.5,3,1,2,3.448,NA
712,3,Ambient,1,7,Jewell,Goniastrea retiformis,Gon.Jew.6,3,Gon.Jew.6.3,3,1,6,3.226,NA
713,3,Ambient,1,8,Davies,Acropora tenuis,Ten.Dav.9,5,Ten.Dav.9.5,3,1,6,4.163,NA
714,3,Ambient,1,10,Switzer,Goniastrea retiformis,Gon.Swi.12,3,Gon.Swi.12.3,3,1,6,4.99,NA
715,3,Ambient,2,1,Switzer,Goniastrea retiformis,Gon.Swi.7,5,Gon.Swi.7.5,3,1,6,3.349,NA
716,3,Ambient,2,2,Parke,Acropora tenuis,Ten.Par.2,3,Ten.Par.2.3,3,1,4,4.627,NA
717,3,Ambient,2,3,Davies,Acropora tenuis,Ten.Dav.6,4,Ten.Dav.6.4,3,1,3,2.669,NA
718,3,Ambient,2,4,Jewell,Acropora hyacinthus,Hya.Jew.3,5,Hya.Jew.3.5,3,1,6,5.2,NA
719,3,Ambient,2,5,Jewell,Acropora tenuis,Ten.Jew.5,4,Ten.Jew.5.4,3,1,5,3.352,NA
720,3,Ambient,2,6,Switzer,Goniastrea retiformis,Gon.Swi.5,3,Gon.Swi.5.3,3,1,6,4.174,NA
721,3,Ambient,2,7,Jewell,Acropora hyacinthus,Hya.Jew.7,12,Hya.Jew.7.12,3,1,5,4.495,NA
722,3,Ambient,2,8,Jewell,Acropora tenuis,Ten.Jew.6,5,Ten.Jew.6.5,3,1,4,NA,NA
723,3,Ambient,2,9,Switzer,Goniastrea retiformis,Gon.Swi.6,5,Gon.Swi.6.5,3,1,6,4.591,NA
724,3,Ambient,2,10,Switzer,Goniastrea retiformis,Gon.Swi.6,6,Gon.Swi.6.6,3,1,6,4.406,NA
725,3,Ambient,2,11,Switzer,Goniastrea retiformis,Gon.Swi.11,5,Gon.Swi.11.5,3,1,6,4.318,NA
726,3,Ambient,3,1,Davies,Acropora hyacinthus,Hya.Dav.8,4,Hya.Dav.8.4,3,1,4,2.521,NA
727,3,Ambient,3,2,Davies,Acropora tenuis,Ten.Dav.13,3,Ten.Dav.13.3,3,1,6,5.281,NA
728,3,Ambient,3,3,Jewell,Acropora tenuis,Ten.Jew.7,4,Ten.Jew.7.4,3,1,5,4.864,NA
729,3,Ambient,3,4,Parke,Acropora tenuis,Ten.Par.5,5,Ten.Par.5.5,3,1,5,4.432,NA
730,3,Ambient,3,5,Parke,Goniastrea retiformis,Gon.Par.7,5,Gon.Par.7.5,3,1,6,4.682,NA
731,3,Ambient,3,6,Jewell,Acropora tenuis,Ten.Jew.5,5,Ten.Jew.5.5,3,1,4,5.56,NA
732,3,Ambient,3,7,Parke,Acropora tenuis,Ten.Par.5,6,Ten.Par.5.6,3,1,4,3.835,NA
733,3,Ambient,3,8,Davies,Acropora tenuis,Ten.Dav.12,13,Ten.Dav.12.13,3,1,6,5.867,NA
734,3,Ambient,3,9,Switzer,Acropora hyacinthus,Hya.Swi.2,5,Hya.Swi.2.5,3,1,6,5.955,NA
735,3,Ambient,3,11,Jewell,Acropora hyacinthus,Hya.Jew.7,3,Hya.Jew.7.3,3,1,4,6.828,NA
736,3,Ambient,4,1,Davies,Acropora tenuis,Ten.Dav.1,5,Ten.Dav.1.5,3,1,6,5.196,NA
737,3,Ambient,4,2,Switzer,Goniastrea retiformis,Gon.Swi.10,3,Gon.Swi.10.3,3,1,6,3.77,NA
738,3,Ambient,4,3,Palms,Acropora tenuis,Ten.Pal.1,5,Ten.Pal.1.5,3,1,6,4.445,NA
739,3,Ambient,4,4,Switzer,Goniastrea retiformis,Gon.Swi.12,4,Gon.Swi.12.4,3,1,6,3.783,NA
740,3,Ambient,4,5,Jewell,Goniastrea retiformis,Gon.Jew.8,3,Gon.Jew.8.3,3,1,6,3.055,NA
741,3,Ambient,4,6,Davies,Acropora hyacinthus,Hya.Dav.4,3,Hya.Dav.4.3,3,1,6,6.4,NA
742,3,Ambient,4,7,Parke,Goniastrea retiformis,Gon.Par.2,3,Gon.Par.2.3,3,1,6,4.162,NA
743,3,Ambient,4,8,Jewell,Acropora hyacinthus,Hya.Jew.3,6,Hya.Jew.3.6,3,1,5,6.832,NA
744,3,Ambient,4,9,Parke,Goniastrea retiformis,Gon.Par.3,5,Gon.Par.3.5,3,1,6,4.391,NA
745,3,Ambient,4,10,Jewell,Acropora tenuis,Ten.Jew.6,6,Ten.Jew.6.6,3,1,4,5.548,NA
746,3,Ambient,4,11,Switzer,Acropora hyacinthus,Hya.Swi.2,20,Hya.Swi.2.20,3,1,6,4.635,NA
747,3,Ambient,5,1,Jewell,Goniastrea retiformis,Gon.Jew.8,4,Gon.Jew.8.4,3,1,6,3.171,NA
748,3,Ambient,5,2,Parke,Goniastrea retiformis,Gon.Par.6,5,Gon.Par.6.5,3,1,6,4.547,NA
749,3,Ambient,5,3,Davies,Acropora tenuis,Ten.Dav.12,3,Ten.Dav.12.3,3,1,6,5.067,NA
750,3,Ambient,5,4,Davies,Acropora hyacinthus,Hya.Dav.11,6,Hya.Dav.11.6,3,1,3,5.148,NA
751,3,Ambient,5,5,Davies,Acropora tenuis,Ten.Dav.6,5,Ten.Dav.6.5,3,1,6,5.522,NA
752,3,Ambient,5,6,Switzer,Goniastrea retiformis,Gon.Swi.7,6,Gon.Swi.7.6,3,1,6,2.173,NA
753,3,Ambient,5,7,Jewell,Goniastrea retiformis,Gon.Jew.11,4,Gon.Jew.11.4,3,1,6,3.661,NA
754,3,Ambient,5,8,Davies,Acropora tenuis,Ten.Dav.D1,4,Ten.Dav.D1.4,3,1,5,4.619,NA
755,3,Ambient,5,9,Jewell,Acropora tenuis,Ten.Jew.7,5,Ten.Jew.7.5,3,1,4,7.156,NA
756,3,Ambient,5,10,Switzer,Goniastrea retiformis,Gon.Swi.10,4,Gon.Swi.10.4,3,1,6,3.675,NA
757,3,Ambient,5,11,Davies,Acropora tenuis,Ten.Dav.1,6,Ten.Dav.1.6,3,1,4,3.26,NA
758,3,Ambient,6,1,Davies,Acropora tenuis,Ten.Dav.10,5,Ten.Dav.10.5,3,1,5,2.867,NA
759,3,Ambient,6,2,Davies,Acropora tenuis,Ten.Dav.13,4,Ten.Dav.13.4,3,1,6,3.452,NA
760,3,Ambient,6,3,Parke,Goniastrea retiformis,Gon.Par.2,4,Gon.Par.2.4,3,1,6,4.335,NA
761,3,Ambient,6,5,Parke,Acropora tenuis,Ten.Par.2,4,Ten.Par.2.4,3,1,2,3.569,NA
762,3,Ambient,6,6,Parke,Goniastrea retiformis,Gon.Par.3,6,Gon.Par.3.6,3,1,6,3.922,NA
763,3,Ambient,6,7,Palms,Acropora tenuis,Ten.Pal.1,6,Ten.Pal.1.6,3,1,5,3.971,NA
764,3,Ambient,6,8,Switzer,Goniastrea retiformis,Gon.Swi.11,6,Gon.Swi.11.6,3,1,5,3.055,NA
765,3,Ambient,6,9,Jewell,Goniastrea retiformis,Gon.Jew.10,5,Gon.Jew.10.5,3,1,6,2.872,NA
766,3,Ambient,6,10,Parke,Goniastrea retiformis,Gon.Par.7,6,Gon.Par.7.6,3,1,6,4.34,NA
767,3,Ambient,6,11,Jewell,Goniastrea retiformis,Gon.Jew.11,5,Gon.Jew.11.5,3,1,6,3.538,NA
768,4,Ambient,1,1,Davies,Acropora tenuis,Ten.Dav.13,5,Ten.Dav.13.5,3,1,6,NA,NA
769,4,Ambient,1,2,Switzer,Goniastrea retiformis,Gon.Swi.5,4,Gon.Swi.5.4,3,1,6,2.251,NA
770,4,Ambient,1,3,Davies,Acropora tenuis,Ten.Dav.12,4,Ten.Dav.12.4,3,1,5,NA,NA
771,4,Ambient,1,4,Jewell,Goniastrea retiformis,Gon.Jew.7,13,Gon.Jew.7.13,3,1,6,2.061,NA
772,4,Ambient,1,5,Davies,Acropora tenuis,Ten.Dav.1,7,Ten.Dav.1.7,3,1,5,NA,NA
773,4,Ambient,1,7,Davies,Acropora tenuis,Ten.Dav.1,8,Ten.Dav.1.8,3,1,6,NA,NA
774,4,Ambient,1,9,Jewell,Goniastrea retiformis,Gon.Jew.11,6,Gon.Jew.11.6,3,1,6,2.681,NA
775,4,Ambient,1,10,Jewell,Goniastrea retiformis,Gon.Jew.8,5,Gon.Jew.8.5,3,1,6,3.09,NA
776,4,Ambient,1,11,Davies,Acropora tenuis,Ten.Dav.10,6,Ten.Dav.10.6,3,1,4,NA,NA
777,4,Ambient,2,1,Jewell,Acropora tenuis,Ten.Jew.5,6,Ten.Jew.5.6,3,1,3,3.357,NA
778,4,Ambient,2,2,Parke,Goniastrea retiformis,Gon.Par.6,6,Gon.Par.6.6,3,1,6,3.463,NA
779,4,Ambient,2,4,Switzer,Goniastrea retiformis,Gon.Swi.12,5,Gon.Swi.12.5,3,1,6,3.449,NA
780,4,Ambient,2,5,Davies,Acropora hyacinthus,Hya.Dav.4,4,Hya.Dav.4.4,3,1,5,3.159,NA
781,4,Ambient,2,6,Parke,Goniastrea retiformis,Gon.Par.8,7,Gon.Par.8.7,3,1,5,1.632,NA
782,4,Ambient,2,7,Jewell,Acropora hyacinthus,Hya.Jew.7,4,Hya.Jew.7.4,3,1,4,2.639,NA
783,4,Ambient,2,8,Switzer,Goniastrea retiformis,Gon.Swi.7,7,Gon.Swi.7.7,3,1,6,2.298,NA
784,4,Ambient,2,9,Jewell,Acropora tenuis,Ten.Jew.6,7,Ten.Jew.6.7,3,1,4,4.167,NA
785,4,Ambient,3,1,Palms,Acropora tenuis,Ten.Pal.1,7,Ten.Pal.1.7,3,1,5,4.549,NA
786,4,Ambient,3,2,Davies,Acropora tenuis,Ten.Dav.6,6,Ten.Dav.6.6,3,1,6,6.742,NA
787,4,Ambient,3,3,Jewell,Goniastrea retiformis,Gon.Jew.10,6,Gon.Jew.10.6,3,1,5,2.027,NA
788,4,Ambient,3,4,Switzer,Goniastrea retiformis,Gon.Swi.10,5,Gon.Swi.10.5,3,1,6,3.032,NA
789,4,Ambient,3,5,Switzer,Goniastrea retiformis,Gon.Swi.12,6,Gon.Swi.12.6,3,1,6,3.735,NA
790,4,Ambient,3,6,Parke,Goniastrea retiformis,Gon.Par.7,7,Gon.Par.7.7,3,1,5,2.049,NA
791,4,Ambient,3,8,Parke,Goniastrea retiformis,Gon.Par.2,6,Gon.Par.2.6,3,1,6,3.897,NA
792,4,Ambient,3,9,Parke,Acropora tenuis,Ten.Par.5,7,Ten.Par.5.7,3,1,4,2.477,NA
793,4,Ambient,3,10,Parke,Goniastrea retiformis,Gon.Par.3,7,Gon.Par.3.7,3,1,6,2.869,NA
794,4,Ambient,3,11,Switzer,Acropora hyacinthus,Hya.Swi.2,6,Hya.Swi.2.6,3,1,6,5.096,NA
795,4,Ambient,4,1,Palms,Acropora tenuis,Ten.Pal.1,8,Ten.Pal.1.8,3,1,6,3.311,NA
796,4,Ambient,4,2,Jewell,Acropora hyacinthus,Hya.Jew.3,20,Hya.Jew.3.20,3,1,6,5.084,NA
797,4,Ambient,4,3,Parke,Acropora tenuis,Ten.Par.2,5,Ten.Par.2.5,3,1,2,4.829,NA
798,4,Ambient,4,4,Parke,Acropora tenuis,Ten.Par.2,6,Ten.Par.2.6,3,1,1,4.355,NA
799,4,Ambient,4,5,Jewell,Goniastrea retiformis,Gon.Jew.6,4,Gon.Jew.6.4,3,1,6,3.368,NA
800,4,Ambient,4,6,Davies,Acropora tenuis,Ten.Dav.D1,5,Ten.Dav.D1.5,3,1,5,2.368,NA
801,4,Ambient,4,7,Davies,Acropora tenuis,Ten.Dav.12,17,Ten.Dav.12.17,3,1,5,2.268,NA
802,4,Ambient,4,8,Palms,Acropora tenuis,Ten.Pal.3,5,Ten.Pal.3.5,3,1,4,2.029,NA
803,4,Ambient,4,9,Jewell,Acropora tenuis,Ten.Jew.7,6,Ten.Jew.7.6,3,1,6,1.917,NA
804,4,Ambient,4,10,Jewell,Acropora tenuis,Ten.Jew.5,7,Ten.Jew.5.7,3,1,5,3.107,NA
805,4,Ambient,5,1,Davies,Acropora tenuis,Ten.Dav.6,7,Ten.Dav.6.7,3,1,5,3.299,NA
806,4,Ambient,5,2,Davies,Acropora hyacinthus,Hya.Dav.3,4,Hya.Dav.3.4,3,1,6,5.186,NA
807,4,Ambient,5,3,Switzer,Goniastrea retiformis,Gon.Swi.6,7,Gon.Swi.6.7,3,1,6,2.853,NA
808,4,Ambient,5,4,Davies,Acropora tenuis,Ten.Dav.9,6,Ten.Dav.9.6,3,1,5,2.735,NA
809,4,Ambient,5,5,Jewell,Acropora tenuis,Ten.Jew.6,8,Ten.Jew.6.8,3,1,4,5.012,NA
810,4,Ambient,5,6,Jewell,Goniastrea retiformis,Gon.Jew.11,7,Gon.Jew.11.7,3,1,6,2.894,NA
811,4,Ambient,5,7,Switzer,Goniastrea retiformis,Gon.Swi.6,8,Gon.Swi.6.8,3,1,6,2.515,NA
812,4,Ambient,5,8,Switzer,Goniastrea retiformis,Gon.Swi.11,7,Gon.Swi.11.7,3,1,6,2.002,NA
813,4,Ambient,5,9,Davies,Acropora tenuis,Ten.Dav.10,7,Ten.Dav.10.7,3,1,6,2.863,NA
814,4,Ambient,5,10,Jewell,Acropora tenuis,Ten.Jew.7,7,Ten.Jew.7.7,3,1,5,4.134,NA
815,4,Ambient,5,11,Davies,Acropora hyacinthus,Hya.Dav.4,5,Hya.Dav.4.5,3,1,5,3.865,NA
816,4,Ambient,6,1,Davies,Acropora hyacinthus,Hya.Dav.3,5,Hya.Dav.3.5,3,1,5,8.021,NA
817,4,Ambient,6,2,Davies,Acropora tenuis,Ten.Dav.13,6,Ten.Dav.13.6,3,1,5,3.966,NA
818,4,Ambient,6,3,Parke,Acropora tenuis,Ten.Par.5,8,Ten.Par.5.8,3,1,5,3.696,NA
819,4,Ambient,6,5,Jewell,Goniastrea retiformis,Gon.Jew.8,6,Gon.Jew.8.6,3,1,6,3.576,NA
820,4,Ambient,6,6,Davies,Acropora hyacinthus,Hya.Dav.11,7,Hya.Dav.11.7,3,1,2,3.421,NA
821,4,Ambient,6,7,Davies,Acropora tenuis,Ten.Dav.9,7,Ten.Dav.9.7,3,1,5,1.894,NA
822,4,Ambient,6,8,Parke,Goniastrea retiformis,Gon.Par.7,8,Gon.Par.7.8,3,1,6,2.648,NA
823,4,Ambient,6,9,Jewell,Goniastrea retiformis,Gon.Jew.7,4,Gon.Jew.7.4,3,1,6,1.658,NA
824,4,Ambient,6,10,Parke,Goniastrea retiformis,Gon.Par.3,8,Gon.Par.3.8,3,1,6,2.446,NA
825,4,Ambient,6,11,Davies,Acropora hyacinthus,Hya.Dav.12,4,Hya.Dav.12.4,3,1,5,3.114,NA
826,5,Ambient,1,1,Davies,Acropora hyacinthus,Hya.Dav.3,6,Hya.Dav.3.6,3,1,6,6.792,NA
827,5,Ambient,1,2,Parke,Acropora tenuis,Ten.Par.5,9,Ten.Par.5.9,3,1,3,2.84,NA
828,5,Ambient,1,3,Jewell,Goniastrea retiformis,Gon.Jew.6,5,Gon.Jew.6.5,3,1,6,4.465,NA
829,5,Ambient,1,4,Davies,Acropora tenuis,Ten.Dav.13,7,Ten.Dav.13.7,3,1,4,2.715,NA
830,5,Ambient,1,5,Switzer,Goniastrea retiformis,Gon.Swi.12,7,Gon.Swi.12.7,3,1,6,3.406,NA
831,5,Ambient,1,8,Davies,Acropora tenuis,Ten.Dav.9,8,Ten.Dav.9.8,3,1,4,2.93,NA
832,5,Ambient,1,9,Davies,Acropora tenuis,Ten.Dav.D1,6,Ten.Dav.D1.6,3,1,6,6.233,NA
833,5,Ambient,1,11,Parke,Acropora tenuis,Ten.Par.2,7,Ten.Par.2.7,3,1,1,2.49,NA
834,5,Ambient,2,2,Parke,Goniastrea retiformis,Gon.Par.8,8,Gon.Par.8.8,3,1,6,2.501,NA
835,5,Ambient,2,4,Jewell,Acropora hyacinthus,Hya.Jew.7,5,Hya.Jew.7.5,3,1,4,3.476,NA
836,5,Ambient,2,5,Switzer,Goniastrea retiformis,Gon.Swi.11,8,Gon.Swi.11.8,3,1,6,2.451,NA
837,5,Ambient,2,6,Parke,Goniastrea retiformis,Gon.Par.2,7,Gon.Par.2.7,3,1,6,2.874,NA
838,5,Ambient,2,7,Switzer,Acropora hyacinthus,Hya.Swi.2,7,Hya.Swi.2.7,3,1,6,4.217,NA
839,5,Ambient,2,8,Switzer,Goniastrea retiformis,Gon.Swi.6,9,Gon.Swi.6.9,3,1,5,3.724,NA
840,5,Ambient,2,9,Jewell,Goniastrea retiformis,Gon.Jew.7,5,Gon.Jew.7.5,3,1,6,3.71,NA
841,5,Ambient,2,10,Parke,Goniastrea retiformis,Gon.Par.8,9,Gon.Par.8.9,3,1,6,3.076,NA
842,5,Ambient,2,11,Palms,Acropora tenuis,Ten.Pal.1,9,Ten.Pal.1.9,3,1,5,4.004,NA
843,5,Ambient,3,1,Jewell,Goniastrea retiformis,Gon.Jew.11,8,Gon.Jew.11.8,3,1,6,NA,NA
844,5,Ambient,3,2,Jewell,Acropora tenuis,Ten.Jew.5,8,Ten.Jew.5.8,3,1,5,3.393,NA
845,5,Ambient,3,3,Parke,Acropora tenuis,Ten.Par.2,8,Ten.Par.2.8,3,1,3,6.385,NA
846,5,Ambient,3,4,Davies,Acropora hyacinthus,Hya.Dav.3,7,Hya.Dav.3.7,3,1,6,3.327,NA
847,5,Ambient,3,5,Davies,Acropora tenuis,Ten.Dav.13,8,Ten.Dav.13.8,3,1,5,2.507,NA
848,5,Ambient,3,6,Jewell,Acropora tenuis,Ten.Jew.7,8,Ten.Jew.7.8,3,1,5,3.625,NA
849,5,Ambient,3,9,Parke,Acropora tenuis,Ten.Par.5,21,Ten.Par.5.21,3,1,5,4.747,NA
850,5,Ambient,3,10,Davies,Acropora hyacinthus,Hya.Dav.4,6,Hya.Dav.4.6,3,1,6,9.073,NA
851,6,Ambient,1,2,Palms,Acropora tenuis,Ten.Pal.3,7,Ten.Pal.3.7,3,1,5,2.221,NA
852,6,Ambient,1,3,Switzer,Acropora hyacinthus,Hya.Swi.2,9,Hya.Swi.2.9,3,1,6,5.752,NA
853,6,Ambient,1,4,Davies,Acropora tenuis,Ten.Dav.9,9,Ten.Dav.9.9,3,1,5,3.77,NA
854,6,Ambient,1,5,Parke,Goniastrea retiformis,Gon.Par.2,9,Gon.Par.2.9,3,1,6,2.92,NA
855,6,Ambient,1,6,Parke,Goniastrea retiformis,Gon.Par.6,8,Gon.Par.6.8,3,1,6,3.121,NA
856,6,Ambient,1,7,Davies,Acropora tenuis,Ten.Dav.8,9,Ten.Dav.8.9,3,1,5,4.404,NA
857,6,Ambient,1,8,Davies,Acropora tenuis,Ten.Dav.1,10,Ten.Dav.1.10,3,1,6,3.944,NA
858,6,Ambient,1,9,Jewell,Acropora hyacinthus,Hya.Jew.3,21,Hya.Jew.3.21,3,1,4,4.08,NA
859,6,Ambient,1,10,Jewell,Goniastrea retiformis,Gon.Jew.10,9,Gon.Jew.10.9,3,1,5,1.84,NA
860,6,Ambient,1,11,Switzer,Goniastrea retiformis,Gon.Swi.6,10,Gon.Swi.6.10,3,1,6,2.009,NA
861,6,Ambient,2,1,Switzer,Goniastrea retiformis,Gon.Swi.11,10,Gon.Swi.11.10,3,1,6,2.72,NA
862,6,Ambient,2,2,Switzer,Goniastrea retiformis,Gon.Swi.7,10,Gon.Swi.7.10,3,1,6,1.956,NA
863,6,Ambient,2,3,Jewell,Goniastrea retiformis,Gon.Jew.11,10,Gon.Jew.11.10,3,1,6,2.642,NA
864,6,Ambient,2,4,Parke,Goniastrea retiformis,Gon.Par.8,10,Gon.Par.8.10,3,1,6,1.811,NA
865,6,Ambient,2,5,Switzer,Goniastrea retiformis,Gon.Swi.12,9,Gon.Swi.12.9,3,1,6,3.349,NA
866,6,Ambient,2,6,Davies,Acropora hyacinthus,Hya.Dav.4,8,Hya.Dav.4.8,3,1,5,6.292,NA
867,6,Ambient,2,7,Jewell,Goniastrea retiformis,Gon.Jew.7,6,Gon.Jew.7.6,3,1,6,3.311,NA
868,6,Ambient,2,8,Jewell,Goniastrea retiformis,Gon.Jew.8,9,Gon.Jew.8.9,3,1,6,3.448,NA
869,6,Ambient,2,9,Parke,Goniastrea retiformis,Gon.Par.8,11,Gon.Par.8.11,3,1,6,2.783,NA
870,6,Ambient,2,11,Parke,Acropora tenuis,Ten.Par.2,9,Ten.Par.2.9,3,1,2,7.137,NA
871,6,Ambient,3,1,Switzer,Goniastrea retiformis,Gon.Swi.7,11,Gon.Swi.7.11,3,1,6,2.624,NA
872,6,Ambient,3,2,Davies,Acropora tenuis,Ten.Dav.10,9,Ten.Dav.10.9,3,1,5,2.373,NA
873,6,Ambient,3,4,Switzer,Goniastrea retiformis,Gon.Swi.12,10,Gon.Swi.12.10,3,1,6,2.516,NA
874,6,Ambient,3,6,Davies,Acropora tenuis,Ten.Dav.6,10,Ten.Dav.6.10,3,1,6,3.672,NA
875,6,Ambient,3,7,Jewell,Acropora hyacinthus,Hya.Jew.7,15,Hya.Jew.7.15,3,1,4,4.416,NA
876,6,Ambient,3,8,Parke,Acropora tenuis,Ten.Par.2,10,Ten.Par.2.10,3,1,4,4.607,NA
877,6,Ambient,3,9,Jewell,Goniastrea retiformis,Gon.Jew.8,10,Gon.Jew.8.10,3,1,6,2.494,NA
878,6,Ambient,3,10,Jewell,Acropora tenuis,Ten.Jew.6,10,Ten.Jew.6.10,3,1,4,2.846,NA
879,6,Ambient,3,11,Parke,Goniastrea retiformis,Gon.Par.8,12,Gon.Par.8.12,3,1,6,2.909,NA
880,6,Ambient,4,1,Davies,Acropora tenuis,Ten.Dav.D1,8,Ten.Dav.D1.8,3,1,5,2.704,NA
881,6,Ambient,4,2,Davies,Acropora hyacinthus,Hya.Dav.11,9,Hya.Dav.11.9,3,1,4,6.048,NA
882,6,Ambient,4,3,Switzer,Goniastrea retiformis,Gon.Swi.5,6,Gon.Swi.5.6,3,1,6,2.118,NA
883,6,Ambient,4,4,Davies,Acropora tenuis,Ten.Dav.13,9,Ten.Dav.13.9,3,1,5,3.957,NA
884,6,Ambient,4,5,Switzer,Goniastrea retiformis,Gon.Swi.5,7,Gon.Swi.5.7,3,1,6,2.152,NA
885,6,Ambient,4,6,Switzer,Goniastrea retiformis,Gon.Swi.10,8,Gon.Swi.10.8,3,1,6,2.295,NA
886,6,Ambient,4,7,Davies,Acropora hyacinthus,Hya.Dav.3,8,Hya.Dav.3.8,3,1,5,4.013,NA
887,6,Ambient,4,8,Switzer,Acropora hyacinthus,Hya.Swi.2,10,Hya.Swi.2.10,3,1,6,5.692,NA
888,6,Ambient,4,9,Palms,Acropora tenuis,Ten.Pal.3,8,Ten.Pal.3.8,3,1,4,1.639,NA
889,6,Ambient,4,10,Davies,Acropora tenuis,Ten.Dav.D1,9,Ten.Dav.D1.9,3,1,6,2.87,NA
890,6,Ambient,4,11,Davies,Acropora tenuis,Ten.Dav.12,6,Ten.Dav.12.6,3,1,5,3.277,NA
891,6,Ambient,5,1,Davies,Acropora hyacinthus,Hya.Dav.3,9,Hya.Dav.3.9,3,1,5,5.077,NA
892,6,Ambient,5,2,Parke,Goniastrea retiformis,Gon.Par.2,10,Gon.Par.2.10,3,1,5,2.711,NA
893,6,Ambient,5,3,Switzer,Goniastrea retiformis,Gon.Swi.10,9,Gon.Swi.10.9,3,1,6,2.749,NA
894,6,Ambient,5,4,Parke,Goniastrea retiformis,Gon.Par.6,9,Gon.Par.6.9,3,1,6,3.767,NA
895,6,Ambient,5,5,Davies,Acropora tenuis,Ten.Dav.10,10,Ten.Dav.10.10,3,1,5,4.412,NA
896,6,Ambient,5,7,Jewell,Acropora tenuis,Ten.Jew.6,21,Ten.Jew.6.21,3,1,4,1.948,NA
897,6,Ambient,5,9,Palms,Acropora tenuis,Ten.Pal.1,10,Ten.Pal.1.10,3,1,6,3.874,NA
898,6,Ambient,5,10,Jewell,Acropora tenuis,Ten.Jew.7,10,Ten.Jew.7.10,3,1,5,2.43,NA
899,6,Ambient,5,11,Jewell,Goniastrea retiformis,Gon.Jew.10,10,Gon.Jew.10.10,3,1,6,2.34,NA
900,6,Ambient,6,1,Jewell,Acropora hyacinthus,Hya.Jew.3,10,Hya.Jew.3.10,3,1,5,7.153,NA
901,6,Ambient,6,2,Davies,Acropora hyacinthus,Hya.Dav.8,8,Hya.Dav.8.8,3,1,5,4.303,NA
902,6,Ambient,6,3,Davies,Acropora hyacinthus,Hya.Dav.11,10,Hya.Dav.11.10,3,1,4,5.979,NA
903,6,Ambient,6,5,Parke,Goniastrea retiformis,Gon.Par.7,10,Gon.Par.7.10,3,1,6,3.125,NA
904,6,Ambient,6,6,Davies,Acropora hyacinthus,Hya.Dav.4,9,Hya.Dav.4.9,3,1,5,4.132,NA
905,6,Ambient,6,7,Parke,Goniastrea retiformis,Gon.Par.3,10,Gon.Par.3.10,3,1,6,2.684,NA
906,6,Ambient,6,8,Jewell,Goniastrea retiformis,Gon.Jew.6,6,Gon.Jew.6.6,3,1,6,3.22,NA
907,6,Ambient,6,9,Davies,Acropora tenuis,Ten.Dav.9,10,Ten.Dav.9.10,3,1,5,2.746,NA
908,6,Ambient,6,10,Jewell,Acropora tenuis,Ten.Jew.5,10,Ten.Jew.5.10,3,1,5,4.376,NA
909,6,Ambient,6,11,Davies,Acropora tenuis,Ten.Dav.13,10,Ten.Dav.13.10,3,1,6,5.502,NA
910,7,Hot,1,1,Davies,Acropora tenuis,Ten.Dav.D1,10,Ten.Dav.D1.10,3,1,2,3.866,NA
911,7,Hot,1,3,Switzer,Goniastrea retiformis,Gon.Swi.12,11,Gon.Swi.12.11,3,1,6,2.724,NA
912,7,Hot,1,6,Switzer,Goniastrea retiformis,Gon.Swi.6,11,Gon.Swi.6.11,3,1,5,2.607,NA
913,7,Hot,1,7,Davies,Acropora tenuis,Ten.Dav.13,11,Ten.Dav.13.11,3,1,2,3.005,NA
914,7,Hot,1,8,Switzer,Goniastrea retiformis,Gon.Swi.11,11,Gon.Swi.11.11,3,1,5,1.861,NA
915,7,Hot,1,10,Switzer,Goniastrea retiformis,Gon.Swi.10,10,Gon.Swi.10.10,3,1,6,2.534,NA
916,7,Hot,1,11,Davies,Acropora hyacinthus,Hya.Dav.4,10,Hya.Dav.4.10,3,1,2,2.848,NA
917,7,Hot,2,1,Parke,Goniastrea retiformis,Gon.Par.8,13,Gon.Par.8.13,3,1,4,2.844,NA
918,7,Hot,2,2,Parke,Acropora tenuis,Ten.Par.2,11,Ten.Par.2.11,3,1,3,4.453,NA
919,7,Hot,2,3,Switzer,Goniastrea retiformis,Gon.Swi.5,8,Gon.Swi.5.8,3,1,6,2.133,NA
920,7,Hot,2,4,Parke,Goniastrea retiformis,Gon.Par.8,14,Gon.Par.8.14,3,1,5,1.421,NA
921,7,Hot,2,5,Switzer,Goniastrea retiformis,Gon.Swi.6,12,Gon.Swi.6.12,3,1,6,3.092,NA
922,7,Hot,2,7,Switzer,Goniastrea retiformis,Gon.Swi.11,12,Gon.Swi.11.12,3,1,5,1.758,NA
923,7,Hot,2,8,Palms,Acropora tenuis,Ten.Pal.3,9,Ten.Pal.3.9,3,1,3,2.796,NA
924,7,Hot,2,9,Parke,Goniastrea retiformis,Gon.Par.6,10,Gon.Par.6.10,3,1,6,3.029,NA
925,7,Hot,2,10,Jewell,Acropora tenuis,Ten.Jew.6,11,Ten.Jew.6.11,3,1,4,4.987,NA
926,7,Hot,2,11,Parke,Goniastrea retiformis,Gon.Par.8,15,Gon.Par.8.15,3,1,5,2.446,NA
927,7,Hot,3,1,Palms,Acropora tenuis,Ten.Pal.1,11,Ten.Pal.1.11,3,1,5,2.826,NA
928,7,Hot,3,2,Jewell,Acropora tenuis,Ten.Jew.7,11,Ten.Jew.7.11,3,1,5,4.23,NA
929,7,Hot,3,3,Switzer,Goniastrea retiformis,Gon.Swi.7,12,Gon.Swi.7.12,3,1,6,2.454,NA
930,7,Hot,3,4,Davies,Acropora tenuis,Ten.Dav.6,11,Ten.Dav.6.11,3,1,5,2.371,NA
931,7,Hot,3,6,Jewell,Goniastrea retiformis,Gon.Jew.10,11,Gon.Jew.10.11,3,1,2,1.941,NA
932,7,Hot,3,7,Jewell,Acropora tenuis,Ten.Jew.7,12,Ten.Jew.7.12,3,1,4,2.699,NA
933,7,Hot,3,8,Jewell,Goniastrea retiformis,Gon.Jew.7,7,Gon.Jew.7.7,3,1,1,1.775,NA
934,7,Hot,3,10,Switzer,Goniastrea retiformis,Gon.Swi.5,9,Gon.Swi.5.9,3,1,6,3.2,NA
935,7,Hot,3,11,Parke,Goniastrea retiformis,Gon.Par.3,11,Gon.Par.3.11,3,1,6,3.594,NA
936,7,Hot,4,1,Parke,Acropora tenuis,Ten.Par.5,11,Ten.Par.5.11,3,1,4,3.446,NA
937,7,Hot,4,3,Parke,Goniastrea retiformis,Gon.Par.6,11,Gon.Par.6.11,3,1,6,3.551,NA
938,7,Hot,4,4,Palms,Acropora tenuis,Ten.Pal.1,12,Ten.Pal.1.12,3,1,5,2.858,NA
939,7,Hot,4,5,Davies,Acropora tenuis,Ten.Dav.10,11,Ten.Dav.10.11,3,1,1,4.354,NA
940,7,Hot,4,6,Parke,Goniastrea retiformis,Gon.Par.2,11,Gon.Par.2.11,3,1,3,2.198,NA
941,7,Hot,4,7,Parke,Acropora tenuis,Ten.Par.5,12,Ten.Par.5.12,3,1,5,3.56,NA
942,7,Hot,4,9,Switzer,Acropora hyacinthus,Hya.Swi.2,11,Hya.Swi.2.11,3,1,5,3.145,NA
943,7,Hot,4,10,Switzer,Goniastrea retiformis,Gon.Swi.7,13,Gon.Swi.7.13,3,1,3,2.196,NA
944,7,Hot,5,1,Parke,Goniastrea retiformis,Gon.Par.8,16,Gon.Par.8.16,3,1,6,2.786,NA
945,7,Hot,5,5,Parke,Goniastrea retiformis,Gon.Par.7,11,Gon.Par.7.11,3,1,4,3.07,NA
946,7,Hot,5,6,Switzer,Goniastrea retiformis,Gon.Swi.10,11,Gon.Swi.10.11,3,1,6,3.107,NA
947,7,Hot,5,7,Davies,Acropora hyacinthus,Hya.Dav.4,11,Hya.Dav.4.11,3,1,1,4.23,NA
948,7,Hot,5,8,Jewell,Goniastrea retiformis,Gon.Jew.11,11,Gon.Jew.11.11,3,1,1,2.705,NA
949,7,Hot,5,9,Davies,Acropora tenuis,Ten.Dav.1,11,Ten.Dav.1.11,3,1,5,4.457,NA
950,7,Hot,5,11,Jewell,Goniastrea retiformis,Gon.Jew.10,12,Gon.Jew.10.12,3,1,2,1.662,NA
951,7,Hot,6,2,Parke,Goniastrea retiformis,Gon.Par.7,12,Gon.Par.7.12,3,1,5,3.513,NA
952,7,Hot,6,4,Davies,Acropora tenuis,Ten.Dav.10,12,Ten.Dav.10.12,3,1,1,2.092,NA
953,7,Hot,6,5,Davies,Acropora tenuis,Ten.Dav.1,12,Ten.Dav.1.12,3,1,4,2.925,NA
954,7,Hot,6,6,Parke,Acropora tenuis,Ten.Par.2,22,Ten.Par.2.22,3,1,2,4.86,NA
955,7,Hot,6,7,Jewell,Goniastrea retiformis,Gon.Jew.6,7,Gon.Jew.6.7,3,1,3,1.944,NA
956,7,Hot,6,8,Davies,Acropora tenuis,Ten.Dav.9,11,Ten.Dav.9.11,3,1,5,3.691,NA
957,7,Hot,6,9,Davies,Acropora tenuis,Ten.Dav.9,12,Ten.Dav.9.12,3,1,5,2.85,NA
958,7,Hot,6,10,Jewell,Goniastrea retiformis,Gon.Jew.8,11,Gon.Jew.8.11,3,1,1,2.357,NA
959,7,Hot,6,11,Jewell,Acropora hyacinthus,Hya.Jew.7,6,Hya.Jew.7.6,3,1,4,3.305,NA
960,9,Hot,1,2,Jewell,Acropora tenuis,Ten.Jew.6,15,Ten.Jew.6.15,3,1,4,4.774,NA
961,9,Hot,1,3,Parke,Goniastrea retiformis,Gon.Par.6,14,Gon.Par.6.14,3,1,6,2.715,NA
962,9,Hot,1,4,Parke,Goniastrea retiformis,Gon.Par.7,15,Gon.Par.7.15,3,1,4,3.753,NA
963,9,Hot,1,5,Davies,Acropora hyacinthus,Hya.Dav.4,13,Hya.Dav.4.13,3,1,2,4.427,NA
964,9,Hot,1,6,Davies,Acropora tenuis,Ten.Dav.13,13,Ten.Dav.13.13,3,1,2,4.757,NA
965,9,Hot,1,7,Parke,Acropora tenuis,Ten.Par.2,13,Ten.Par.2.13,3,1,2,2.398,NA
966,9,Hot,1,8,Davies,Acropora tenuis,Ten.Dav.6,14,Ten.Dav.6.14,3,1,4,1.991,NA
967,9,Hot,1,9,Davies,Acropora tenuis,Ten.Dav.9,15,Ten.Dav.9.15,3,1,4,2.712,NA
968,9,Hot,1,10,Davies,Acropora hyacinthus,Hya.Dav.12,9,Hya.Dav.12.9,3,1,4,5.613,NA
969,9,Hot,2,1,Switzer,Goniastrea retiformis,Gon.Swi.5,11,Gon.Swi.5.11,3,1,6,2.242,NA
970,9,Hot,2,2,Switzer,Goniastrea retiformis,Gon.Swi.12,13,Gon.Swi.12.13,3,1,6,2.503,NA
971,9,Hot,2,4,Jewell,Goniastrea retiformis,Gon.Jew.10,15,Gon.Jew.10.15,3,1,2,3.328,NA
972,9,Hot,2,6,Jewell,Goniastrea retiformis,Gon.Jew.11,14,Gon.Jew.11.14,3,1,2,4.954,NA
973,9,Hot,2,7,Davies,Acropora tenuis,Ten.Dav.D1,13,Ten.Dav.D1.13,3,1,1,1.712,NA
974,9,Hot,2,10,Jewell,Goniastrea retiformis,Gon.Jew.11,15,Gon.Jew.11.15,3,1,1,3.251,NA
975,9,Hot,2,11,Jewell,Goniastrea retiformis,Gon.Jew.7,9,Gon.Jew.7.9,3,1,2,1.966,NA
976,9,Hot,3,2,Jewell,Acropora hyacinthus,Hya.Jew.3,22,Hya.Jew.3.22,3,1,3,6.586,NA
977,9,Hot,3,3,Davies,Acropora tenuis,Ten.Dav.1,15,Ten.Dav.1.15,3,1,4,3.13,NA
978,9,Hot,3,4,Switzer,Acropora hyacinthus,Hya.Swi.2,13,Hya.Swi.2.13,3,1,5,3.572,NA
979,9,Hot,3,5,Davies,Acropora tenuis,Ten.Dav.13,14,Ten.Dav.13.14,3,1,2,5.025,NA
980,9,Hot,3,6,Parke,Acropora tenuis,Ten.Par.5,15,Ten.Par.5.15,3,1,4,5.337,NA
981,9,Hot,3,8,Parke,Goniastrea retiformis,Gon.Par.2,13,Gon.Par.2.13,3,1,5,3.351,NA
982,9,Hot,3,10,Palms,Acropora tenuis,Ten.Pal.3,12,Ten.Pal.3.12,3,1,4,2.107,NA
983,9,Hot,4,1,Switzer,Goniastrea retiformis,Gon.Swi.10,13,Gon.Swi.10.13,3,1,6,3.507,NA
984,9,Hot,4,3,Davies,Acropora tenuis,Ten.Dav.D1,14,Ten.Dav.D1.14,3,1,3,2.088,NA
985,9,Hot,4,4,Davies,Acropora tenuis,Ten.Dav.6,15,Ten.Dav.6.15,3,1,5,2.314,NA
986,9,Hot,4,5,Switzer,Goniastrea retiformis,Gon.Swi.12,14,Gon.Swi.12.14,3,1,6,3.306,NA
987,9,Hot,4,6,Switzer,Goniastrea retiformis,Gon.Swi.6,15,Gon.Swi.6.15,3,1,6,2.422,NA
988,9,Hot,4,7,Parke,Goniastrea retiformis,Gon.Par.2,14,Gon.Par.2.14,3,1,5,3.02,NA
989,9,Hot,4,8,Davies,Acropora tenuis,Ten.Dav.1,16,Ten.Dav.1.16,3,1,4,2.55,NA
990,9,Hot,4,9,Davies,Acropora hyacinthus,Hya.Dav.4,14,Hya.Dav.4.14,3,1,3,2.496,NA
991,9,Hot,4,10,Parke,Goniastrea retiformis,Gon.Par.3,14,Gon.Par.3.14,3,1,6,3.248,NA
992,9,Hot,4,11,Switzer,Goniastrea retiformis,Gon.Swi.11,15,Gon.Swi.11.15,3,1,6,3.925,NA
993,9,Hot,5,1,Switzer,Goniastrea retiformis,Gon.Swi.7,16,Gon.Swi.7.16,3,1,6,2.111,NA
994,9,Hot,5,2,Jewell,Goniastrea retiformis,Gon.Jew.6,9,Gon.Jew.6.9,3,1,6,2.742,NA
995,9,Hot,5,3,Jewell,Acropora tenuis,Ten.Jew.7,15,Ten.Jew.7.15,3,1,4,2.122,NA
996,9,Hot,5,4,Parke,Goniastrea retiformis,Gon.Par.7,16,Gon.Par.7.16,3,1,5,2.181,NA
997,9,Hot,5,5,Jewell,Acropora tenuis,Ten.Jew.7,16,Ten.Jew.7.16,3,1,5,4,NA
998,9,Hot,5,6,Parke,Acropora tenuis,Ten.Par.2,14,Ten.Par.2.14,3,1,2,2.003,NA
999,9,Hot,5,7,Parke,Goniastrea retiformis,Gon.Par.6,15,Gon.Par.6.15,3,1,6,3.204,NA
1000,9,Hot,5,9,Jewell,Goniastrea retiformis,Gon.Jew.8,13,Gon.Jew.8.13,3,1,2,1.129,NA
1001,9,Hot,5,10,Parke,Goniastrea retiformis,Gon.Par.8,18,Gon.Par.8.18,3,1,4,1.985,NA
1002,9,Hot,6,1,Davies,Acropora tenuis,Ten.Dav.10,15,Ten.Dav.10.15,3,1,1,2.676,NA
1003,9,Hot,6,2,Jewell,Goniastrea retiformis,Gon.Jew.10,16,Gon.Jew.10.16,3,1,3,1.976,NA
1004,9,Hot,6,3,Davies,Acropora hyacinthus,Hya.Dav.12,10,Hya.Dav.12.10,3,1,4,5.938,NA
1005,9,Hot,6,4,Jewell,Goniastrea retiformis,Gon.Jew.8,14,Gon.Jew.8.14,3,1,1,1.722,NA
1006,9,Hot,6,5,Jewell,Acropora hyacinthus,Hya.Jew.7,8,Hya.Jew.7.8,3,1,3,3.769,NA
1007,9,Hot,6,6,Switzer,Goniastrea retiformis,Gon.Swi.11,16,Gon.Swi.11.16,3,1,5,2.279,NA
1008,9,Hot,6,8,Palms,Acropora tenuis,Ten.Pal.1,15,Ten.Pal.1.15,3,1,6,3.053,NA
1009,9,Hot,6,9,Switzer,Goniastrea retiformis,Gon.Swi.6,16,Gon.Swi.6.16,3,1,5,2.775,NA
1010,9,Hot,6,11,Palms,Acropora tenuis,Ten.Pal.1,16,Ten.Pal.1.16,3,1,6,2.665,NA
1011,12,Hot,1,1,Davies,Acropora tenuis,Ten.Dav.13,19,Ten.Dav.13.19,3,1,2,4.967,NA
1012,12,Hot,1,2,Switzer,Goniastrea retiformis,Gon.Swi.6,20,Gon.Swi.6.20,3,1,6,1.965,NA
1013,12,Hot,1,3,Davies,Acropora hyacinthus,Hya.Dav.12,14,Hya.Dav.12.14,3,1,3,3.106,NA
1014,12,Hot,1,4,Jewell,Acropora tenuis,Ten.Jew.6,20,Ten.Jew.6.20,3,1,3,1.748,NA
1015,12,Hot,1,5,Jewell,Goniastrea retiformis,Gon.Jew.11,20,Gon.Jew.11.20,3,1,2,4.217,NA
1016,12,Hot,1,7,Davies,Acropora tenuis,Ten.Dav.1,20,Ten.Dav.1.20,3,1,1,4.036,NA
1017,12,Hot,1,8,Jewell,Goniastrea retiformis,Gon.Jew.7,19,Gon.Jew.7.20,3,1,1,2.144,NA
1018,12,Hot,1,9,Davies,Acropora tenuis,Ten.Dav.D1,18,Ten.Dav.D1.18,3,1,1,1.464,NA
1019,12,Hot,2,1,Jewell,Goniastrea retiformis,Gon.Jew.10,19,Gon.Jew.10.19,3,1,1,2.126,NA
1020,12,Hot,2,2,Palms,Acropora tenuis,Ten.Pal.3,17,Ten.Pal.3.17,3,1,4,1.254,NA
1021,12,Hot,2,3,Davies,Acropora tenuis,Ten.Dav.9,19,Ten.Dav.9.19,3,1,4,1.65,NA
1022,12,Hot,2,4,Switzer,Goniastrea retiformis,Gon.Swi.7,19,Gon.Swi.7.19,3,1,5,1.987,NA
1023,12,Hot,2,6,Davies,Acropora tenuis,Ten.Dav.10,19,Ten.Dav.10.19,3,1,1,3.192,NA
1024,12,Hot,2,7,Switzer,Acropora hyacinthus,Hya.Swi.2,18,Hya.Swi.2.18,3,1,2,1.79,NA
1025,12,Hot,2,8,Jewell,Acropora tenuis,Ten.Jew.7,19,Ten.Jew.7.19,3,1,5,3.012,NA
1026,12,Hot,2,9,Jewell,Goniastrea retiformis,Gon.Jew.10,20,Gon.Jew.10.20,3,1,3,2.078,NA
1027,12,Hot,2,10,Parke,Goniastrea retiformis,Gon.Par.6,18,Gon.Par.6.18,3,1,6,2.037,NA
1028,12,Hot,2,11,Parke,Goniastrea retiformis,Gon.Par.6,19,Gon.Par.6.19,3,1,6,3.407,NA
1029,12,Hot,3,1,Jewell,Goniastrea retiformis,Gon.Jew.7,12,Gon.Jew.7.12,3,1,1,2.033,NA
1030,12,Hot,3,2,Davies,Acropora tenuis,Ten.Dav.9,20,Ten.Dav.9.20,3,1,5,2.695,NA
1031,12,Hot,3,3,Switzer,Goniastrea retiformis,Gon.Swi.12,19,Gon.Swi.12.19,3,1,6,3.268,NA
1032,12,Hot,3,6,Parke,Acropora tenuis,Ten.Par.5,20,Ten.Par.5.20,3,1,4,4.007,NA
1033,12,Hot,3,7,Switzer,Goniastrea retiformis,Gon.Swi.11,20,Gon.Swi.11.20,3,1,5,2.357,NA
1034,12,Hot,3,8,Switzer,Goniastrea retiformis,Gon.Swi.12,20,Gon.Swi.12.20,3,1,6,2.86,NA
1035,12,Hot,3,10,Davies,Acropora tenuis,Ten.Dav.10,20,Ten.Dav.10.20,3,1,1,6.044,NA
1036,12,Hot,3,11,Parke,Goniastrea retiformis,Gon.Par.8,20,Gon.Par.8.20,3,1,4,2.017,NA
1037,12,Hot,4,2,Jewell,Goniastrea retiformis,Gon.Jew.8,19,Gon.Jew.8.19,3,1,2,2.39,NA
1038,12,Hot,4,3,Parke,Acropora tenuis,Ten.Par.5,22,Ten.Par.5.22,3,1,5,3.618,NA
1039,12,Hot,4,4,Davies,Acropora hyacinthus,Hya.Dav.4,18,Hya.Dav.4.18,3,1,1,2.717,NA
1040,12,Hot,4,5,Switzer,Goniastrea retiformis,Gon.Swi.10,18,Gon.Swi.10.18,3,1,6,2.166,NA
1041,12,Hot,4,6,Switzer,Acropora hyacinthus,Hya.Swi.2,19,Hya.Swi.2.19,3,1,5,6.058,NA
1042,12,Hot,4,8,Palms,Acropora tenuis,Ten.Pal.1,20,Ten.Pal.1.20,3,1,4,3.94,NA
1043,12,Hot,4,9,Switzer,Goniastrea retiformis,Gon.Swi.7,20,Gon.Swi.7.20,3,1,3,1.832,NA
1044,12,Hot,4,10,Jewell,Goniastrea retiformis,Gon.Jew.6,12,Gon.Jew.6.12,3,1,2,2.619,NA
1045,12,Hot,5,1,Switzer,Goniastrea retiformis,Gon.Swi.5,14,Gon.Swi.5.14,3,1,6,2.199,NA
1046,12,Hot,5,3,Parke,Goniastrea retiformis,Gon.Par.2,19,Gon.Par.2.19,3,1,3,2.805,NA
1047,12,Hot,5,6,Davies,Acropora tenuis,Ten.Dav.6,20,Ten.Dav.6.20,3,1,3,4.886,NA
1048,12,Hot,5,7,Parke,Goniastrea retiformis,Gon.Par.3,19,Gon.Par.3.19,3,1,4,1.704,NA
1049,12,Hot,5,10,Switzer,Goniastrea retiformis,Gon.Swi.10,19,Gon.Swi.10.19,3,1,6,3.995,NA
1050,12,Hot,6,1,Parke,Goniastrea retiformis,Gon.Par.7,20,Gon.Par.7.20,3,1,5,2.035,NA
1051,12,Hot,6,2,Parke,Acropora tenuis,Ten.Par.2,20,Ten.Par.2.20,3,1,1,2.765,NA
1052,12,Hot,6,6,Parke,Goniastrea retiformis,Gon.Par.2,20,Gon.Par.2.20,3,1,4,2.923,NA
1053,12,Hot,6,8,Davies,Acropora tenuis,Ten.Dav.13,20,Ten.Dav.13.20,3,1,2,4.409,NA
1054,12,Hot,6,10,Jewell,Goniastrea retiformis,Gon.Jew.8,20,Gon.Jew.8.20,3,1,2,2.396,NA